{"type": "FeatureCollection", "features": [{"type": "Feature", "geometry": {"type": "Point", "coordinates": [36.874, -1.3401]}, "properties": {"source_id": 25453628, "source_name": "<unknown plant name>", "source_type": "oil", "iso3_country": "KEN", "sector": "power", "subsector": "electricity-generation", "start_time": "2019-01-01 00:00:00", "end_time": "2019-12-31 00:00:00", "geometry_ref": "trace_36.874_-1.3401", "gas": "ch4", "emissions_quantity": 0.0, "temporal_granularity": "annual", "activity": 221000, "activity_units": "MWh", "emissions_factor": 0.0, "emissions_factor_units": "field_not_modeled", "capacity": 180, "capacity_units": "MW", "capacity_factor": 0.14, "other1": "a", "other1_def": "capacity_factor_methodology", "other2": 0.0, "other2_def": "biomass_emissions", "other3": 0.0, "other3_def": "biomass_capacity", "other4": 0.0, "other4_def": "biomass_generation", "other5": 0.0, "other5_def": 0.0, "other6": 0.0, "other6_def": 0.0, "other7": 0.0, "other7_def": 0.0, "other8": 0.0, "other8_def": 0.0, "other9": 0.0, "other9_def": 0.0, "other10": 0.0, "other10_def": 0.0, "created_date": "2023-10-31 00:00:00", "modified_date": "2023-11-01 10:00:00"}}, {"type": "Feature", "geometry": {"type": "Point", "coordinates": [36.874, -1.3401]}, "properties": {"source_id": 25453628, "source_name": "<unknown plant name>", "source_type": "oil", "iso3_country": "KEN", "sector": "power", "subsector": "electricity-generation", "start_time": "2019-01-01 00:00:00", "end_time": "2019-12-31 00:00:00", "geometry_ref": "trace_36.874_-1.3401", "gas": "co2", "emissions_quantity": 201000.0, "temporal_granularity": "annual", "activity": 221000, "activity_units": "MWh", "emissions_factor": 0.91, "emissions_factor_units": "T of CO2 per MWh", "capacity": 180, "capacity_units": "MW", "capacity_factor": 0.14, "other1": "a", "other1_def": "capacity_factor_methodology", "other2": 0.0, "other2_def": "biomass_emissions", "other3": 0.0, "other3_def": "biomass_capacity", "other4": 0.0, "other4_def": "biomass_generation", "other5": 0.0, "other5_def": 0.0, "other6": 0.0, "other6_def": 0.0, "other7": 0.0, "other7_def": 0.0, "other8": 0.0, "other8_def": 0.0, "other9": 0.0, "other9_def": 0.0, "other10": 0.0, "other10_def": 0.0, "created_date": "2023-10-31 00:00:00", "modified_date": "2023-11-01 10:00:00"}}, {"type": "Feature", "geometry": {"type": "Point", "coordinates": [36.874, -1.3401]}, "properties": {"source_id": 25453628, "source_name": "<unknown plant name>", "source_type": "oil", "iso3_country": "KEN", "sector": "power", "subsector": "electricity-generation", "start_time": "2019-01-01 00:00:00", "end_time": "2019-12-31 00:00:00", "geometry_ref": "trace_36.874_-1.3401", "gas": "co2e_100yr", "emissions_quantity": 201000.0, "temporal_granularity": "annual", "activity": 221000, "activity_units": "MWh", "emissions_factor": 0.0, "emissions_factor_units": 0, "capacity": 180, "capacity_units": "MW", "capacity_factor": 0.14, "other1": "a", "other1_def": "capacity_factor_methodology", "other2": 0.0, "other2_def": "biomass_emissions", "other3": 0.0, "other3_def": "biomass_capacity", "other4": 0.0, "other4_def": "biomass_generation", "other5": 0.0, "other5_def": 0.0, "other6": 0.0, "other6_def": 0.0, "other7": 0.0, "other7_def": 0.0, "other8": 0.0, "other8_def": 0.0, "other9": 0.0, "other9_def": 0.0, "other10": 0.0, "other10_def": 0.0, "created_date": "2023-10-31 00:00:00", "modified_date": "2023-11-01 10:00:00"}}, {"type": "Feature", "geometry": {"type": "Point", "coordinates": [36.874, -1.3401]}, "properties": {"source_id": 25453628, "source_name": "<unknown plant name>", "source_type": "oil", "iso3_country": "KEN", "sector": "power", "subsector": "electricity-generation", "start_time": "2019-01-01 00:00:00", "end_time": "2019-12-31 00:00:00", "geometry_ref": "trace_36.874_-1.3401", "gas": "co2e_20yr", "emissions_quantity": 201000.0, "temporal_granularity": "annual", "activity": 221000, "activity_units": "MWh", "emissions_factor": 0.0, "emissions_factor_units": 0, "capacity": 180, "capacity_units": "MW", "capacity_factor": 0.14, "other1": "a", "other1_def": "capacity_factor_methodology", "other2": 0.0, "other2_def": "biomass_emissions", "other3": 0.0, "other3_def": "biomass_capacity", "other4": 0.0, "other4_def": "biomass_generation", "other5": 0.0, "other5_def": 0.0, "other6": 0.0, "other6_def": 0.0, "other7": 0.0, "other7_def": 0.0, "other8": 0.0, "other8_def": 0.0, "other9": 0.0, "other9_def": 0.0, "other10": 0.0, "other10_def": 0.0, "created_date": "2023-10-31 00:00:00", "modified_date": "2023-11-01 10:00:00"}}, {"type": "Feature", "geometry": {"type": "Point", "coordinates": [36.874, -1.3401]}, "properties": {"source_id": 25453628, "source_name": "<unknown plant name>", "source_type": "oil", "iso3_country": "KEN", "sector": "power", "subsector": "electricity-generation", "start_time": "2019-01-01 00:00:00", "end_time": "2019-12-31 00:00:00", "geometry_ref": "trace_36.874_-1.3401", "gas": "n2o", "emissions_quantity": 0.0, "temporal_granularity": "annual", "activity": 221000, "activity_units": "MWh", "emissions_factor": 0.0, "emissions_factor_units": "field_not_modeled", "capacity": 180, "capacity_units": "MW", "capacity_factor": 0.14, "other1": "a", "other1_def": "capacity_factor_methodology", "other2": 0.0, "other2_def": "biomass_emissions", "other3": 0.0, "other3_def": "biomass_capacity", "other4": 0.0, "other4_def": "biomass_generation", "other5": 0.0, "other5_def": 0.0, "other6": 0.0, "other6_def": 0.0, "other7": 0.0, "other7_def": 0.0, "other8": 0.0, "other8_def": 0.0, "other9": 0.0, "other9_def": 0.0, "other10": 0.0, "other10_def": 0.0, "created_date": "2023-10-31 00:00:00", "modified_date": "2023-11-01 10:00:00"}}, {"type": "Feature", "geometry": {"type": "Point", "coordinates": [36.874, -1.3401]}, "properties": {"source_id": 25453628, "source_name": "<unknown plant name>", "source_type": "oil", "iso3_country": "KEN", "sector": "power", "subsector": "electricity-generation", "start_time": "2020-01-01 00:00:00", "end_time": "2020-12-31 00:00:00", "geometry_ref": "trace_36.874_-1.3401", "gas": "ch4", "emissions_quantity": 0.0, "temporal_granularity": "annual", "activity": 161000, "activity_units": "MWh", "emissions_factor": 0.0, "emissions_factor_units": "field_not_modeled", "capacity": 180, "capacity_units": "MW", "capacity_factor": 0.102, "other1": "a", "other1_def": "capacity_factor_methodology", "other2": 0.0, "other2_def": "biomass_emissions", "other3": 0.0, "other3_def": "biomass_capacity", "other4": 0.0, "other4_def": "biomass_generation", "other5": 0.0, "other5_def": 0.0, "other6": 0.0, "other6_def": 0.0, "other7": 0.0, "other7_def": 0.0, "other8": 0.0, "other8_def": 0.0, "other9": 0.0, "other9_def": 0.0, "other10": 0.0, "other10_def": 0.0, "created_date": "2023-10-31 00:00:00", "modified_date": "2023-11-01 10:00:00"}}, {"type": "Feature", "geometry": {"type": "Point", "coordinates": [36.874, -1.3401]}, "properties": {"source_id": 25453628, "source_name": "<unknown plant name>", "source_type": "oil", "iso3_country": "KEN", "sector": "power", "subsector": "electricity-generation", "start_time": "2020-01-01 00:00:00", "end_time": "2020-12-31 00:00:00", "geometry_ref": "trace_36.874_-1.3401", "gas": "co2", "emissions_quantity": 147000.0, "temporal_granularity": "annual", "activity": 161000, "activity_units": "MWh", "emissions_factor": 0.913, "emissions_factor_units": "T of CO2 per MWh", "capacity": 180, "capacity_units": "MW", "capacity_factor": 0.102, "other1": "a", "other1_def": "capacity_factor_methodology", "other2": 0.0, "other2_def": "biomass_emissions", "other3": 0.0, "other3_def": "biomass_capacity", "other4": 0.0, "other4_def": "biomass_generation", "other5": 0.0, "other5_def": 0.0, "other6": 0.0, "other6_def": 0.0, "other7": 0.0, "other7_def": 0.0, "other8": 0.0, "other8_def": 0.0, "other9": 0.0, "other9_def": 0.0, "other10": 0.0, "other10_def": 0.0, "created_date": "2023-10-31 00:00:00", "modified_date": "2023-11-01 10:00:00"}}, {"type": "Feature", "geometry": {"type": "Point", "coordinates": [36.874, -1.3401]}, "properties": {"source_id": 25453628, "source_name": "<unknown plant name>", "source_type": "oil", "iso3_country": "KEN", "sector": "power", "subsector": "electricity-generation", "start_time": "2020-01-01 00:00:00", "end_time": "2020-12-31 00:00:00", "geometry_ref": "trace_36.874_-1.3401", "gas": "co2e_100yr", "emissions_quantity": 147000.0, "temporal_granularity": "annual", "activity": 161000, "activity_units": "MWh", "emissions_factor": 0.0, "emissions_factor_units": 0, "capacity": 180, "capacity_units": "MW", "capacity_factor": 0.102, "other1": "a", "other1_def": "capacity_factor_methodology", "other2": 0.0, "other2_def": "biomass_emissions", "other3": 0.0, "other3_def": "biomass_capacity", "other4": 0.0, "other4_def": "biomass_generation", "other5": 0.0, "other5_def": 0.0, "other6": 0.0, "other6_def": 0.0, "other7": 0.0, "other7_def": 0.0, "other8": 0.0, "other8_def": 0.0, "other9": 0.0, "other9_def": 0.0, "other10": 0.0, "other10_def": 0.0, "created_date": "2023-10-31 00:00:00", "modified_date": "2023-11-01 10:00:00"}}, {"type": "Feature", "geometry": {"type": "Point", "coordinates": [36.874, -1.3401]}, "properties": {"source_id": 25453628, "source_name": "<unknown plant name>", "source_type": "oil", "iso3_country": "KEN", "sector": "power", "subsector": "electricity-generation", "start_time": "2020-01-01 00:00:00", "end_time": "2020-12-31 00:00:00", "geometry_ref": "trace_36.874_-1.3401", "gas": "co2e_20yr", "emissions_quantity": 147000.0, "temporal_granularity": "annual", "activity": 161000, "activity_units": "MWh", "emissions_factor": 0.0, "emissions_factor_units": 0, "capacity": 180, "capacity_units": "MW", "capacity_factor": 0.102, "other1": "a", "other1_def": "capacity_factor_methodology", "other2": 0.0, "other2_def": "biomass_emissions", "other3": 0.0, "other3_def": "biomass_capacity", "other4": 0.0, "other4_def": "biomass_generation", "other5": 0.0, "other5_def": 0.0, "other6": 0.0, "other6_def": 0.0, "other7": 0.0, "other7_def": 0.0, "other8": 0.0, "other8_def": 0.0, "other9": 0.0, "other9_def": 0.0, "other10": 0.0, "other10_def": 0.0, "created_date": "2023-10-31 00:00:00", "modified_date": "2023-11-01 10:00:00"}}, {"type": "Feature", "geometry": {"type": "Point", "coordinates": [36.874, -1.3401]}, "properties": {"source_id": 25453628, "source_name": "<unknown plant name>", "source_type": "oil", "iso3_country": "KEN", "sector": "power", "subsector": "electricity-generation", "start_time": "2020-01-01 00:00:00", "end_time": "2020-12-31 00:00:00", "geometry_ref": "trace_36.874_-1.3401", "gas": "n2o", "emissions_quantity": 0.0, "temporal_granularity": "annual", "activity": 161000, "activity_units": "MWh", "emissions_factor": 0.0, "emissions_factor_units": "field_not_modeled", "capacity": 180, "capacity_units": "MW", "capacity_factor": 0.102, "other1": "a", "other1_def": "capacity_factor_methodology", "other2": 0.0, "other2_def": "biomass_emissions", "other3": 0.0, "other3_def": "biomass_capacity", "other4": 0.0, "other4_def": "biomass_generation", "other5": 0.0, "other5_def": 0.0, "other6": 0.0, "other6_def": 0.0, "other7": 0.0, "other7_def": 0.0, "other8": 0.0, "other8_def": 0.0, "other9": 0.0, "other9_def": 0.0, "other10": 0.0, "other10_def": 0.0, "created_date": "2023-10-31 00:00:00", "modified_date": "2023-11-01 10:00:00"}}, {"type": "Feature", "geometry": {"type": "Point", "coordinates": [36.874, -1.3401]}, "properties": {"source_id": 25453628, "source_name": "<unknown plant name>", "source_type": "oil", "iso3_country": "KEN", "sector": "power", "subsector": "electricity-generation", "start_time": "2021-01-01 00:00:00", "end_time": "2021-12-31 00:00:00", "geometry_ref": "trace_36.874_-1.3401", "gas": "ch4", "emissions_quantity": 0.0, "temporal_granularity": "annual", "activity": 172000, "activity_units": "MWh", "emissions_factor": 0.0, "emissions_factor_units": "field_not_modeled", "capacity": 180, "capacity_units": "MW", "capacity_factor": 0.109, "other1": "a", "other1_def": "capacity_factor_methodology", "other2": 0.0, "other2_def": "biomass_emissions", "other3": 0.0, "other3_def": "biomass_capacity", "other4": 0.0, "other4_def": "biomass_generation", "other5": 0.0, "other5_def": 0.0, "other6": 0.0, "other6_def": 0.0, "other7": 0.0, "other7_def": 0.0, "other8": 0.0, "other8_def": 0.0, "other9": 0.0, "other9_def": 0.0, "other10": 0.0, "other10_def": 0.0, "created_date": "2023-10-31 00:00:00", "modified_date": "2023-11-01 10:00:00"}}, {"type": "Feature", "geometry": {"type": "Point", "coordinates": [36.874, -1.3401]}, "properties": {"source_id": 25453628, "source_name": "<unknown plant name>", "source_type": "oil", "iso3_country": "KEN", "sector": "power", "subsector": "electricity-generation", "start_time": "2021-01-01 00:00:00", "end_time": "2021-12-31 00:00:00", "geometry_ref": "trace_36.874_-1.3401", "gas": "co2", "emissions_quantity": 156000.0, "temporal_granularity": "annual", "activity": 172000, "activity_units": "MWh", "emissions_factor": 0.907, "emissions_factor_units": "T of CO2 per MWh", "capacity": 180, "capacity_units": "MW", "capacity_factor": 0.109, "other1": "a", "other1_def": "capacity_factor_methodology", "other2": 0.0, "other2_def": "biomass_emissions", "other3": 0.0, "other3_def": "biomass_capacity", "other4": 0.0, "other4_def": "biomass_generation", "other5": 0.0, "other5_def": 0.0, "other6": 0.0, "other6_def": 0.0, "other7": 0.0, "other7_def": 0.0, "other8": 0.0, "other8_def": 0.0, "other9": 0.0, "other9_def": 0.0, "other10": 0.0, "other10_def": 0.0, "created_date": "2023-10-31 00:00:00", "modified_date": "2023-11-01 10:00:00"}}, {"type": "Feature", "geometry": {"type": "Point", "coordinates": [36.874, -1.3401]}, "properties": {"source_id": 25453628, "source_name": "<unknown plant name>", "source_type": "oil", "iso3_country": "KEN", "sector": "power", "subsector": "electricity-generation", "start_time": "2021-01-01 00:00:00", "end_time": "2021-12-31 00:00:00", "geometry_ref": "trace_36.874_-1.3401", "gas": "co2e_100yr", "emissions_quantity": 156000.0, "temporal_granularity": "annual", "activity": 172000, "activity_units": "MWh", "emissions_factor": 0.0, "emissions_factor_units": 0, "capacity": 180, "capacity_units": "MW", "capacity_factor": 0.109, "other1": "a", "other1_def": "capacity_factor_methodology", "other2": 0.0, "other2_def": "biomass_emissions", "other3": 0.0, "other3_def": "biomass_capacity", "other4": 0.0, "other4_def": "biomass_generation", "other5": 0.0, "other5_def": 0.0, "other6": 0.0, "other6_def": 0.0, "other7": 0.0, "other7_def": 0.0, "other8": 0.0, "other8_def": 0.0, "other9": 0.0, "other9_def": 0.0, "other10": 0.0, "other10_def": 0.0, "created_date": "2023-10-31 00:00:00", "modified_date": "2023-11-01 10:00:00"}}, {"type": "Feature", "geometry": {"type": "Point", "coordinates": [36.874, -1.3401]}, "properties": {"source_id": 25453628, "source_name": "<unknown plant name>", "source_type": "oil", "iso3_country": "KEN", "sector": "power", "subsector": "electricity-generation", "start_time": "2021-01-01 00:00:00", "end_time": "2021-12-31 00:00:00", "geometry_ref": "trace_36.874_-1.3401", "gas": "co2e_20yr", "emissions_quantity": 156000.0, "temporal_granularity": "annual", "activity": 172000, "activity_units": "MWh", "emissions_factor": 0.0, "emissions_factor_units": 0, "capacity": 180, "capacity_units": "MW", "capacity_factor": 0.109, "other1": "a", "other1_def": "capacity_factor_methodology", "other2": 0.0, "other2_def": "biomass_emissions", "other3": 0.0, "other3_def": "biomass_capacity", "other4": 0.0, "other4_def": "biomass_generation", "other5": 0.0, "other5_def": 0.0, "other6": 0.0, "other6_def": 0.0, "other7": 0.0, "other7_def": 0.0, "other8": 0.0, "other8_def": 0.0, "other9": 0.0, "other9_def": 0.0, "other10": 0.0, "other10_def": 0.0, "created_date": "2023-10-31 00:00:00", "modified_date": "2023-11-01 10:00:00"}}, {"type": "Feature", "geometry": {"type": "Point", "coordinates": [36.874, -1.3401]}, "properties": {"source_id": 25453628, "source_name": "<unknown plant name>", "source_type": "oil", "iso3_country": "KEN", "sector": "power", "subsector": "electricity-generation", "start_time": "2021-01-01 00:00:00", "end_time": "2021-12-31 00:00:00", "geometry_ref": "trace_36.874_-1.3401", "gas": "n2o", "emissions_quantity": 0.0, "temporal_granularity": "annual", "activity": 172000, "activity_units": "MWh", "emissions_factor": 0.0, "emissions_factor_units": "field_not_modeled", "capacity": 180, "capacity_units": "MW", "capacity_factor": 0.109, "other1": "a", "other1_def": "capacity_factor_methodology", "other2": 0.0, "other2_def": "biomass_emissions", "other3": 0.0, "other3_def": "biomass_capacity", "other4": 0.0, "other4_def": "biomass_generation", "other5": 0.0, "other5_def": 0.0, "other6": 0.0, "other6_def": 0.0, "other7": 0.0, "other7_def": 0.0, "other8": 0.0, "other8_def": 0.0, "other9": 0.0, "other9_def": 0.0, "other10": 0.0, "other10_def": 0.0, "created_date": "2023-10-31 00:00:00", "modified_date": "2023-11-01 10:00:00"}}, {"type": "Feature", "geometry": {"type": "Point", "coordinates": [36.874, -1.3401]}, "properties": {"source_id": 25453628, "source_name": "<unknown plant name>", "source_type": "oil", "iso3_country": "KEN", "sector": "power", "subsector": "electricity-generation", "start_time": "2022-01-01 00:00:00", "end_time": "2022-12-31 00:00:00", "geometry_ref": "trace_36.874_-1.3401", "gas": "ch4", "emissions_quantity": 0.0, "temporal_granularity": "annual", "activity": 224000, "activity_units": "MWh", "emissions_factor": 0.0, "emissions_factor_units": "field_not_modeled", "capacity": 180, "capacity_units": "MW", "capacity_factor": 0.142, "other1": "a", "other1_def": "capacity_factor_methodology", "other2": 0.0, "other2_def": "biomass_emissions", "other3": 0.0, "other3_def": "biomass_capacity", "other4": 0.0, "other4_def": "biomass_generation", "other5": 0.0, "other5_def": 0.0, "other6": 0.0, "other6_def": 0.0, "other7": 0.0, "other7_def": 0.0, "other8": 0.0, "other8_def": 0.0, "other9": 0.0, "other9_def": 0.0, "other10": 0.0, "other10_def": 0.0, "created_date": "2023-10-31 00:00:00", "modified_date": "2023-11-01 10:00:00"}}, {"type": "Feature", "geometry": {"type": "Point", "coordinates": [36.874, -1.3401]}, "properties": {"source_id": 25453628, "source_name": "<unknown plant name>", "source_type": "oil", "iso3_country": "KEN", "sector": "power", "subsector": "electricity-generation", "start_time": "2022-01-01 00:00:00", "end_time": "2022-12-31 00:00:00", "geometry_ref": "trace_36.874_-1.3401", "gas": "co2", "emissions_quantity": 204000.0, "temporal_granularity": "annual", "activity": 224000, "activity_units": "MWh", "emissions_factor": 0.911, "emissions_factor_units": "T of CO2 per MWh", "capacity": 180, "capacity_units": "MW", "capacity_factor": 0.142, "other1": "a", "other1_def": "capacity_factor_methodology", "other2": 0.0, "other2_def": "biomass_emissions", "other3": 0.0, "other3_def": "biomass_capacity", "other4": 0.0, "other4_def": "biomass_generation", "other5": 0.0, "other5_def": 0.0, "other6": 0.0, "other6_def": 0.0, "other7": 0.0, "other7_def": 0.0, "other8": 0.0, "other8_def": 0.0, "other9": 0.0, "other9_def": 0.0, "other10": 0.0, "other10_def": 0.0, "created_date": "2023-10-31 00:00:00", "modified_date": "2023-11-01 10:00:00"}}, {"type": "Feature", "geometry": {"type": "Point", "coordinates": [36.874, -1.3401]}, "properties": {"source_id": 25453628, "source_name": "<unknown plant name>", "source_type": "oil", "iso3_country": "KEN", "sector": "power", "subsector": "electricity-generation", "start_time": "2022-01-01 00:00:00", "end_time": "2022-12-31 00:00:00", "geometry_ref": "trace_36.874_-1.3401", "gas": "co2e_100yr", "emissions_quantity": 204000.0, "temporal_granularity": "annual", "activity": 224000, "activity_units": "MWh", "emissions_factor": 0.0, "emissions_factor_units": 0, "capacity": 180, "capacity_units": "MW", "capacity_factor": 0.142, "other1": "a", "other1_def": "capacity_factor_methodology", "other2": 0.0, "other2_def": "biomass_emissions", "other3": 0.0, "other3_def": "biomass_capacity", "other4": 0.0, "other4_def": "biomass_generation", "other5": 0.0, "other5_def": 0.0, "other6": 0.0, "other6_def": 0.0, "other7": 0.0, "other7_def": 0.0, "other8": 0.0, "other8_def": 0.0, "other9": 0.0, "other9_def": 0.0, "other10": 0.0, "other10_def": 0.0, "created_date": "2023-10-31 00:00:00", "modified_date": "2023-11-01 10:00:00"}}, {"type": "Feature", "geometry": {"type": "Point", "coordinates": [36.874, -1.3401]}, "properties": {"source_id": 25453628, "source_name": "<unknown plant name>", "source_type": "oil", "iso3_country": "KEN", "sector": "power", "subsector": "electricity-generation", "start_time": "2022-01-01 00:00:00", "end_time": "2022-12-31 00:00:00", "geometry_ref": "trace_36.874_-1.3401", "gas": "co2e_20yr", "emissions_quantity": 204000.0, "temporal_granularity": "annual", "activity": 224000, "activity_units": "MWh", "emissions_factor": 0.0, "emissions_factor_units": 0, "capacity": 180, "capacity_units": "MW", "capacity_factor": 0.142, "other1": "a", "other1_def": "capacity_factor_methodology", "other2": 0.0, "other2_def": "biomass_emissions", "other3": 0.0, "other3_def": "biomass_capacity", "other4": 0.0, "other4_def": "biomass_generation", "other5": 0.0, "other5_def": 0.0, "other6": 0.0, "other6_def": 0.0, "other7": 0.0, "other7_def": 0.0, "other8": 0.0, "other8_def": 0.0, "other9": 0.0, "other9_def": 0.0, "other10": 0.0, "other10_def": 0.0, "created_date": "2023-10-31 00:00:00", "modified_date": "2023-11-01 10:00:00"}}, {"type": "Feature", "geometry": {"type": "Point", "coordinates": [36.874, -1.3401]}, "properties": {"source_id": 25453628, "source_name": "<unknown plant name>", "source_type": "oil", "iso3_country": "KEN", "sector": "power", "subsector": "electricity-generation", "start_time": "2022-01-01 00:00:00", "end_time": "2022-12-31 00:00:00", "geometry_ref": "trace_36.874_-1.3401", "gas": "n2o", "emissions_quantity": 0.0, "temporal_granularity": "annual", "activity": 224000, "activity_units": "MWh", "emissions_factor": 0.0, "emissions_factor_units": "field_not_modeled", "capacity": 180, "capacity_units": "MW", "capacity_factor": 0.142, "other1": "a", "other1_def": "capacity_factor_methodology", "other2": 0.0, "other2_def": "biomass_emissions", "other3": 0.0, "other3_def": "biomass_capacity", "other4": 0.0, "other4_def": "biomass_generation", "other5": 0.0, "other5_def": 0.0, "other6": 0.0, "other6_def": 0.0, "other7": 0.0, "other7_def": 0.0, "other8": 0.0, "other8_def": 0.0, "other9": 0.0, "other9_def": 0.0, "other10": 0.0, "other10_def": 0.0, "created_date": "2023-10-31 00:00:00", "modified_date": "2023-11-01 10:00:00"}}, {"type": "Feature", "geometry": {"type": "Point", "coordinates": [37.0043, -1.4588]}, "properties": {"source_id": 25454649, "source_name": "Athi River power station", "source_type": "oil", "iso3_country": "KEN", "sector": "power", "subsector": "electricity-generation", "start_time": "2019-01-01 00:00:00", "end_time": "2019-12-31 00:00:00", "geometry_ref": "trace_37.0043_-1.4588", "gas": "ch4", "emissions_quantity": 0.0, "temporal_granularity": "annual", "activity": 98000, "activity_units": "MWh", "emissions_factor": 0.0, "emissions_factor_units": "field_not_modeled", "capacity": 80, "capacity_units": "MW", "capacity_factor": 0.14, "other1": "a", "other1_def": "capacity_factor_methodology", "other2": 0.0, "other2_def": "biomass_emissions", "other3": 0.0, "other3_def": "biomass_capacity", "other4": 0.0, "other4_def": "biomass_generation", "other5": 0.0, "other5_def": 0.0, "other6": 0.0, "other6_def": 0.0, "other7": 0.0, "other7_def": 0.0, "other8": 0.0, "other8_def": 0.0, "other9": 0.0, "other9_def": 0.0, "other10": 0.0, "other10_def": 0.0, "created_date": "2023-10-31 00:00:00", "modified_date": "2023-11-01 10:00:00"}}, {"type": "Feature", "geometry": {"type": "Point", "coordinates": [37.0043, -1.4588]}, "properties": {"source_id": 25454649, "source_name": "Athi River power station", "source_type": "oil", "iso3_country": "KEN", "sector": "power", "subsector": "electricity-generation", "start_time": "2019-01-01 00:00:00", "end_time": "2019-12-31 00:00:00", "geometry_ref": "trace_37.0043_-1.4588", "gas": "co2", "emissions_quantity": 89000.0, "temporal_granularity": "annual", "activity": 98000, "activity_units": "MWh", "emissions_factor": 0.908, "emissions_factor_units": "T of CO2 per MWh", "capacity": 80, "capacity_units": "MW", "capacity_factor": 0.14, "other1": "a", "other1_def": "capacity_factor_methodology", "other2": 0.0, "other2_def": "biomass_emissions", "other3": 0.0, "other3_def": "biomass_capacity", "other4": 0.0, "other4_def": "biomass_generation", "other5": 0.0, "other5_def": 0.0, "other6": 0.0, "other6_def": 0.0, "other7": 0.0, "other7_def": 0.0, "other8": 0.0, "other8_def": 0.0, "other9": 0.0, "other9_def": 0.0, "other10": 0.0, "other10_def": 0.0, "created_date": "2023-10-31 00:00:00", "modified_date": "2023-11-01 10:00:00"}}, {"type": "Feature", "geometry": {"type": "Point", "coordinates": [37.0043, -1.4588]}, "properties": {"source_id": 25454649, "source_name": "Athi River power station", "source_type": "oil", "iso3_country": "KEN", "sector": "power", "subsector": "electricity-generation", "start_time": "2019-01-01 00:00:00", "end_time": "2019-12-31 00:00:00", "geometry_ref": "trace_37.0043_-1.4588", "gas": "co2e_100yr", "emissions_quantity": 89000.0, "temporal_granularity": "annual", "activity": 98000, "activity_units": "MWh", "emissions_factor": 0.0, "emissions_factor_units": 0, "capacity": 80, "capacity_units": "MW", "capacity_factor": 0.14, "other1": "a", "other1_def": "capacity_factor_methodology", "other2": 0.0, "other2_def": "biomass_emissions", "other3": 0.0, "other3_def": "biomass_capacity", "other4": 0.0, "other4_def": "biomass_generation", "other5": 0.0, "other5_def": 0.0, "other6": 0.0, "other6_def": 0.0, "other7": 0.0, "other7_def": 0.0, "other8": 0.0, "other8_def": 0.0, "other9": 0.0, "other9_def": 0.0, "other10": 0.0, "other10_def": 0.0, "created_date": "2023-10-31 00:00:00", "modified_date": "2023-11-01 10:00:00"}}, {"type": "Feature", "geometry": {"type": "Point", "coordinates": [37.0043, -1.4588]}, "properties": {"source_id": 25454649, "source_name": "Athi River power station", "source_type": "oil", "iso3_country": "KEN", "sector": "power", "subsector": "electricity-generation", "start_time": "2019-01-01 00:00:00", "end_time": "2019-12-31 00:00:00", "geometry_ref": "trace_37.0043_-1.4588", "gas": "co2e_20yr", "emissions_quantity": 89000.0, "temporal_granularity": "annual", "activity": 98000, "activity_units": "MWh", "emissions_factor": 0.0, "emissions_factor_units": 0, "capacity": 80, "capacity_units": "MW", "capacity_factor": 0.14, "other1": "a", "other1_def": "capacity_factor_methodology", "other2": 0.0, "other2_def": "biomass_emissions", "other3": 0.0, "other3_def": "biomass_capacity", "other4": 0.0, "other4_def": "biomass_generation", "other5": 0.0, "other5_def": 0.0, "other6": 0.0, "other6_def": 0.0, "other7": 0.0, "other7_def": 0.0, "other8": 0.0, "other8_def": 0.0, "other9": 0.0, "other9_def": 0.0, "other10": 0.0, "other10_def": 0.0, "created_date": "2023-10-31 00:00:00", "modified_date": "2023-11-01 10:00:00"}}, {"type": "Feature", "geometry": {"type": "Point", "coordinates": [37.0043, -1.4588]}, "properties": {"source_id": 25454649, "source_name": "Athi River power station", "source_type": "oil", "iso3_country": "KEN", "sector": "power", "subsector": "electricity-generation", "start_time": "2019-01-01 00:00:00", "end_time": "2019-12-31 00:00:00", "geometry_ref": "trace_37.0043_-1.4588", "gas": "n2o", "emissions_quantity": 0.0, "temporal_granularity": "annual", "activity": 98000, "activity_units": "MWh", "emissions_factor": 0.0, "emissions_factor_units": "field_not_modeled", "capacity": 80, "capacity_units": "MW", "capacity_factor": 0.14, "other1": "a", "other1_def": "capacity_factor_methodology", "other2": 0.0, "other2_def": "biomass_emissions", "other3": 0.0, "other3_def": "biomass_capacity", "other4": 0.0, "other4_def": "biomass_generation", "other5": 0.0, "other5_def": 0.0, "other6": 0.0, "other6_def": 0.0, "other7": 0.0, "other7_def": 0.0, "other8": 0.0, "other8_def": 0.0, "other9": 0.0, "other9_def": 0.0, "other10": 0.0, "other10_def": 0.0, "created_date": "2023-10-31 00:00:00", "modified_date": "2023-11-01 10:00:00"}}, {"type": "Feature", "geometry": {"type": "Point", "coordinates": [37.0043, -1.4588]}, "properties": {"source_id": 25454649, "source_name": "Athi River power station", "source_type": "oil", "iso3_country": "KEN", "sector": "power", "subsector": "electricity-generation", "start_time": "2020-01-01 00:00:00", "end_time": "2020-12-31 00:00:00", "geometry_ref": "trace_37.0043_-1.4588", "gas": "ch4", "emissions_quantity": 0.0, "temporal_granularity": "annual", "activity": 72000, "activity_units": "MWh", "emissions_factor": 0.0, "emissions_factor_units": "field_not_modeled", "capacity": 80, "capacity_units": "MW", "capacity_factor": 0.102, "other1": "a", "other1_def": "capacity_factor_methodology", "other2": 0.0, "other2_def": "biomass_emissions", "other3": 0.0, "other3_def": "biomass_capacity", "other4": 0.0, "other4_def": "biomass_generation", "other5": 0.0, "other5_def": 0.0, "other6": 0.0, "other6_def": 0.0, "other7": 0.0, "other7_def": 0.0, "other8": 0.0, "other8_def": 0.0, "other9": 0.0, "other9_def": 0.0, "other10": 0.0, "other10_def": 0.0, "created_date": "2023-10-31 00:00:00", "modified_date": "2023-11-01 10:00:00"}}, {"type": "Feature", "geometry": {"type": "Point", "coordinates": [37.0043, -1.4588]}, "properties": {"source_id": 25454649, "source_name": "Athi River power station", "source_type": "oil", "iso3_country": "KEN", "sector": "power", "subsector": "electricity-generation", "start_time": "2020-01-01 00:00:00", "end_time": "2020-12-31 00:00:00", "geometry_ref": "trace_37.0043_-1.4588", "gas": "co2", "emissions_quantity": 65000.0, "temporal_granularity": "annual", "activity": 72000, "activity_units": "MWh", "emissions_factor": 0.903, "emissions_factor_units": "T of CO2 per MWh", "capacity": 80, "capacity_units": "MW", "capacity_factor": 0.102, "other1": "a", "other1_def": "capacity_factor_methodology", "other2": 0.0, "other2_def": "biomass_emissions", "other3": 0.0, "other3_def": "biomass_capacity", "other4": 0.0, "other4_def": "biomass_generation", "other5": 0.0, "other5_def": 0.0, "other6": 0.0, "other6_def": 0.0, "other7": 0.0, "other7_def": 0.0, "other8": 0.0, "other8_def": 0.0, "other9": 0.0, "other9_def": 0.0, "other10": 0.0, "other10_def": 0.0, "created_date": "2023-10-31 00:00:00", "modified_date": "2023-11-01 10:00:00"}}, {"type": "Feature", "geometry": {"type": "Point", "coordinates": [37.0043, -1.4588]}, "properties": {"source_id": 25454649, "source_name": "Athi River power station", "source_type": "oil", "iso3_country": "KEN", "sector": "power", "subsector": "electricity-generation", "start_time": "2020-01-01 00:00:00", "end_time": "2020-12-31 00:00:00", "geometry_ref": "trace_37.0043_-1.4588", "gas": "co2e_100yr", "emissions_quantity": 65000.0, "temporal_granularity": "annual", "activity": 72000, "activity_units": "MWh", "emissions_factor": 0.0, "emissions_factor_units": 0, "capacity": 80, "capacity_units": "MW", "capacity_factor": 0.102, "other1": "a", "other1_def": "capacity_factor_methodology", "other2": 0.0, "other2_def": "biomass_emissions", "other3": 0.0, "other3_def": "biomass_capacity", "other4": 0.0, "other4_def": "biomass_generation", "other5": 0.0, "other5_def": 0.0, "other6": 0.0, "other6_def": 0.0, "other7": 0.0, "other7_def": 0.0, "other8": 0.0, "other8_def": 0.0, "other9": 0.0, "other9_def": 0.0, "other10": 0.0, "other10_def": 0.0, "created_date": "2023-10-31 00:00:00", "modified_date": "2023-11-01 10:00:00"}}, {"type": "Feature", "geometry": {"type": "Point", "coordinates": [37.0043, -1.4588]}, "properties": {"source_id": 25454649, "source_name": "Athi River power station", "source_type": "oil", "iso3_country": "KEN", "sector": "power", "subsector": "electricity-generation", "start_time": "2020-01-01 00:00:00", "end_time": "2020-12-31 00:00:00", "geometry_ref": "trace_37.0043_-1.4588", "gas": "co2e_20yr", "emissions_quantity": 65000.0, "temporal_granularity": "annual", "activity": 72000, "activity_units": "MWh", "emissions_factor": 0.0, "emissions_factor_units": 0, "capacity": 80, "capacity_units": "MW", "capacity_factor": 0.102, "other1": "a", "other1_def": "capacity_factor_methodology", "other2": 0.0, "other2_def": "biomass_emissions", "other3": 0.0, "other3_def": "biomass_capacity", "other4": 0.0, "other4_def": "biomass_generation", "other5": 0.0, "other5_def": 0.0, "other6": 0.0, "other6_def": 0.0, "other7": 0.0, "other7_def": 0.0, "other8": 0.0, "other8_def": 0.0, "other9": 0.0, "other9_def": 0.0, "other10": 0.0, "other10_def": 0.0, "created_date": "2023-10-31 00:00:00", "modified_date": "2023-11-01 10:00:00"}}, {"type": "Feature", "geometry": {"type": "Point", "coordinates": [37.0043, -1.4588]}, "properties": {"source_id": 25454649, "source_name": "Athi River power station", "source_type": "oil", "iso3_country": "KEN", "sector": "power", "subsector": "electricity-generation", "start_time": "2020-01-01 00:00:00", "end_time": "2020-12-31 00:00:00", "geometry_ref": "trace_37.0043_-1.4588", "gas": "n2o", "emissions_quantity": 0.0, "temporal_granularity": "annual", "activity": 72000, "activity_units": "MWh", "emissions_factor": 0.0, "emissions_factor_units": "field_not_modeled", "capacity": 80, "capacity_units": "MW", "capacity_factor": 0.102, "other1": "a", "other1_def": "capacity_factor_methodology", "other2": 0.0, "other2_def": "biomass_emissions", "other3": 0.0, "other3_def": "biomass_capacity", "other4": 0.0, "other4_def": "biomass_generation", "other5": 0.0, "other5_def": 0.0, "other6": 0.0, "other6_def": 0.0, "other7": 0.0, "other7_def": 0.0, "other8": 0.0, "other8_def": 0.0, "other9": 0.0, "other9_def": 0.0, "other10": 0.0, "other10_def": 0.0, "created_date": "2023-10-31 00:00:00", "modified_date": "2023-11-01 10:00:00"}}, {"type": "Feature", "geometry": {"type": "Point", "coordinates": [37.0043, -1.4588]}, "properties": {"source_id": 25454649, "source_name": "Athi River power station", "source_type": "oil", "iso3_country": "KEN", "sector": "power", "subsector": "electricity-generation", "start_time": "2021-01-01 00:00:00", "end_time": "2021-12-31 00:00:00", "geometry_ref": "trace_37.0043_-1.4588", "gas": "ch4", "emissions_quantity": 0.0, "temporal_granularity": "annual", "activity": 76000, "activity_units": "MWh", "emissions_factor": 0.0, "emissions_factor_units": "field_not_modeled", "capacity": 80, "capacity_units": "MW", "capacity_factor": 0.108, "other1": "a", "other1_def": "capacity_factor_methodology", "other2": 0.0, "other2_def": "biomass_emissions", "other3": 0.0, "other3_def": "biomass_capacity", "other4": 0.0, "other4_def": "biomass_generation", "other5": 0.0, "other5_def": 0.0, "other6": 0.0, "other6_def": 0.0, "other7": 0.0, "other7_def": 0.0, "other8": 0.0, "other8_def": 0.0, "other9": 0.0, "other9_def": 0.0, "other10": 0.0, "other10_def": 0.0, "created_date": "2023-10-31 00:00:00", "modified_date": "2023-11-01 10:00:00"}}, {"type": "Feature", "geometry": {"type": "Point", "coordinates": [37.0043, -1.4588]}, "properties": {"source_id": 25454649, "source_name": "Athi River power station", "source_type": "oil", "iso3_country": "KEN", "sector": "power", "subsector": "electricity-generation", "start_time": "2021-01-01 00:00:00", "end_time": "2021-12-31 00:00:00", "geometry_ref": "trace_37.0043_-1.4588", "gas": "co2", "emissions_quantity": 69000.0, "temporal_granularity": "annual", "activity": 76000, "activity_units": "MWh", "emissions_factor": 0.908, "emissions_factor_units": "T of CO2 per MWh", "capacity": 80, "capacity_units": "MW", "capacity_factor": 0.108, "other1": "a", "other1_def": "capacity_factor_methodology", "other2": 0.0, "other2_def": "biomass_emissions", "other3": 0.0, "other3_def": "biomass_capacity", "other4": 0.0, "other4_def": "biomass_generation", "other5": 0.0, "other5_def": 0.0, "other6": 0.0, "other6_def": 0.0, "other7": 0.0, "other7_def": 0.0, "other8": 0.0, "other8_def": 0.0, "other9": 0.0, "other9_def": 0.0, "other10": 0.0, "other10_def": 0.0, "created_date": "2023-10-31 00:00:00", "modified_date": "2023-11-01 10:00:00"}}, {"type": "Feature", "geometry": {"type": "Point", "coordinates": [37.0043, -1.4588]}, "properties": {"source_id": 25454649, "source_name": "Athi River power station", "source_type": "oil", "iso3_country": "KEN", "sector": "power", "subsector": "electricity-generation", "start_time": "2021-01-01 00:00:00", "end_time": "2021-12-31 00:00:00", "geometry_ref": "trace_37.0043_-1.4588", "gas": "co2e_100yr", "emissions_quantity": 69000.0, "temporal_granularity": "annual", "activity": 76000, "activity_units": "MWh", "emissions_factor": 0.0, "emissions_factor_units": 0, "capacity": 80, "capacity_units": "MW", "capacity_factor": 0.108, "other1": "a", "other1_def": "capacity_factor_methodology", "other2": 0.0, "other2_def": "biomass_emissions", "other3": 0.0, "other3_def": "biomass_capacity", "other4": 0.0, "other4_def": "biomass_generation", "other5": 0.0, "other5_def": 0.0, "other6": 0.0, "other6_def": 0.0, "other7": 0.0, "other7_def": 0.0, "other8": 0.0, "other8_def": 0.0, "other9": 0.0, "other9_def": 0.0, "other10": 0.0, "other10_def": 0.0, "created_date": "2023-10-31 00:00:00", "modified_date": "2023-11-01 10:00:00"}}, {"type": "Feature", "geometry": {"type": "Point", "coordinates": [37.0043, -1.4588]}, "properties": {"source_id": 25454649, "source_name": "Athi River power station", "source_type": "oil", "iso3_country": "KEN", "sector": "power", "subsector": "electricity-generation", "start_time": "2021-01-01 00:00:00", "end_time": "2021-12-31 00:00:00", "geometry_ref": "trace_37.0043_-1.4588", "gas": "co2e_20yr", "emissions_quantity": 69000.0, "temporal_granularity": "annual", "activity": 76000, "activity_units": "MWh", "emissions_factor": 0.0, "emissions_factor_units": 0, "capacity": 80, "capacity_units": "MW", "capacity_factor": 0.108, "other1": "a", "other1_def": "capacity_factor_methodology", "other2": 0.0, "other2_def": "biomass_emissions", "other3": 0.0, "other3_def": "biomass_capacity", "other4": 0.0, "other4_def": "biomass_generation", "other5": 0.0, "other5_def": 0.0, "other6": 0.0, "other6_def": 0.0, "other7": 0.0, "other7_def": 0.0, "other8": 0.0, "other8_def": 0.0, "other9": 0.0, "other9_def": 0.0, "other10": 0.0, "other10_def": 0.0, "created_date": "2023-10-31 00:00:00", "modified_date": "2023-11-01 10:00:00"}}, {"type": "Feature", "geometry": {"type": "Point", "coordinates": [37.0043, -1.4588]}, "properties": {"source_id": 25454649, "source_name": "Athi River power station", "source_type": "oil", "iso3_country": "KEN", "sector": "power", "subsector": "electricity-generation", "start_time": "2021-01-01 00:00:00", "end_time": "2021-12-31 00:00:00", "geometry_ref": "trace_37.0043_-1.4588", "gas": "n2o", "emissions_quantity": 0.0, "temporal_granularity": "annual", "activity": 76000, "activity_units": "MWh", "emissions_factor": 0.0, "emissions_factor_units": "field_not_modeled", "capacity": 80, "capacity_units": "MW", "capacity_factor": 0.108, "other1": "a", "other1_def": "capacity_factor_methodology", "other2": 0.0, "other2_def": "biomass_emissions", "other3": 0.0, "other3_def": "biomass_capacity", "other4": 0.0, "other4_def": "biomass_generation", "other5": 0.0, "other5_def": 0.0, "other6": 0.0, "other6_def": 0.0, "other7": 0.0, "other7_def": 0.0, "other8": 0.0, "other8_def": 0.0, "other9": 0.0, "other9_def": 0.0, "other10": 0.0, "other10_def": 0.0, "created_date": "2023-10-31 00:00:00", "modified_date": "2023-11-01 10:00:00"}}, {"type": "Feature", "geometry": {"type": "Point", "coordinates": [37.0043, -1.4588]}, "properties": {"source_id": 25454649, "source_name": "Athi River power station", "source_type": "oil", "iso3_country": "KEN", "sector": "power", "subsector": "electricity-generation", "start_time": "2022-01-01 00:00:00", "end_time": "2022-12-31 00:00:00", "geometry_ref": "trace_37.0043_-1.4588", "gas": "ch4", "emissions_quantity": 0.0, "temporal_granularity": "annual", "activity": 100000, "activity_units": "MWh", "emissions_factor": 0.0, "emissions_factor_units": "field_not_modeled", "capacity": 80, "capacity_units": "MW", "capacity_factor": 0.143, "other1": "a", "other1_def": "capacity_factor_methodology", "other2": 0.0, "other2_def": "biomass_emissions", "other3": 0.0, "other3_def": "biomass_capacity", "other4": 0.0, "other4_def": "biomass_generation", "other5": 0.0, "other5_def": 0.0, "other6": 0.0, "other6_def": 0.0, "other7": 0.0, "other7_def": 0.0, "other8": 0.0, "other8_def": 0.0, "other9": 0.0, "other9_def": 0.0, "other10": 0.0, "other10_def": 0.0, "created_date": "2023-10-31 00:00:00", "modified_date": "2023-11-01 10:00:00"}}, {"type": "Feature", "geometry": {"type": "Point", "coordinates": [37.0043, -1.4588]}, "properties": {"source_id": 25454649, "source_name": "Athi River power station", "source_type": "oil", "iso3_country": "KEN", "sector": "power", "subsector": "electricity-generation", "start_time": "2022-01-01 00:00:00", "end_time": "2022-12-31 00:00:00", "geometry_ref": "trace_37.0043_-1.4588", "gas": "co2", "emissions_quantity": 90000.0, "temporal_granularity": "annual", "activity": 100000, "activity_units": "MWh", "emissions_factor": 0.9, "emissions_factor_units": "T of CO2 per MWh", "capacity": 80, "capacity_units": "MW", "capacity_factor": 0.143, "other1": "a", "other1_def": "capacity_factor_methodology", "other2": 0.0, "other2_def": "biomass_emissions", "other3": 0.0, "other3_def": "biomass_capacity", "other4": 0.0, "other4_def": "biomass_generation", "other5": 0.0, "other5_def": 0.0, "other6": 0.0, "other6_def": 0.0, "other7": 0.0, "other7_def": 0.0, "other8": 0.0, "other8_def": 0.0, "other9": 0.0, "other9_def": 0.0, "other10": 0.0, "other10_def": 0.0, "created_date": "2023-10-31 00:00:00", "modified_date": "2023-11-01 10:00:00"}}, {"type": "Feature", "geometry": {"type": "Point", "coordinates": [37.0043, -1.4588]}, "properties": {"source_id": 25454649, "source_name": "Athi River power station", "source_type": "oil", "iso3_country": "KEN", "sector": "power", "subsector": "electricity-generation", "start_time": "2022-01-01 00:00:00", "end_time": "2022-12-31 00:00:00", "geometry_ref": "trace_37.0043_-1.4588", "gas": "co2e_100yr", "emissions_quantity": 90000.0, "temporal_granularity": "annual", "activity": 100000, "activity_units": "MWh", "emissions_factor": 0.0, "emissions_factor_units": 0, "capacity": 80, "capacity_units": "MW", "capacity_factor": 0.143, "other1": "a", "other1_def": "capacity_factor_methodology", "other2": 0.0, "other2_def": "biomass_emissions", "other3": 0.0, "other3_def": "biomass_capacity", "other4": 0.0, "other4_def": "biomass_generation", "other5": 0.0, "other5_def": 0.0, "other6": 0.0, "other6_def": 0.0, "other7": 0.0, "other7_def": 0.0, "other8": 0.0, "other8_def": 0.0, "other9": 0.0, "other9_def": 0.0, "other10": 0.0, "other10_def": 0.0, "created_date": "2023-10-31 00:00:00", "modified_date": "2023-11-01 10:00:00"}}, {"type": "Feature", "geometry": {"type": "Point", "coordinates": [37.0043, -1.4588]}, "properties": {"source_id": 25454649, "source_name": "Athi River power station", "source_type": "oil", "iso3_country": "KEN", "sector": "power", "subsector": "electricity-generation", "start_time": "2022-01-01 00:00:00", "end_time": "2022-12-31 00:00:00", "geometry_ref": "trace_37.0043_-1.4588", "gas": "co2e_20yr", "emissions_quantity": 90000.0, "temporal_granularity": "annual", "activity": 100000, "activity_units": "MWh", "emissions_factor": 0.0, "emissions_factor_units": 0, "capacity": 80, "capacity_units": "MW", "capacity_factor": 0.143, "other1": "a", "other1_def": "capacity_factor_methodology", "other2": 0.0, "other2_def": "biomass_emissions", "other3": 0.0, "other3_def": "biomass_capacity", "other4": 0.0, "other4_def": "biomass_generation", "other5": 0.0, "other5_def": 0.0, "other6": 0.0, "other6_def": 0.0, "other7": 0.0, "other7_def": 0.0, "other8": 0.0, "other8_def": 0.0, "other9": 0.0, "other9_def": 0.0, "other10": 0.0, "other10_def": 0.0, "created_date": "2023-10-31 00:00:00", "modified_date": "2023-11-01 10:00:00"}}, {"type": "Feature", "geometry": {"type": "Point", "coordinates": [37.0043, -1.4588]}, "properties": {"source_id": 25454649, "source_name": "Athi River power station", "source_type": "oil", "iso3_country": "KEN", "sector": "power", "subsector": "electricity-generation", "start_time": "2022-01-01 00:00:00", "end_time": "2022-12-31 00:00:00", "geometry_ref": "trace_37.0043_-1.4588", "gas": "n2o", "emissions_quantity": 0.0, "temporal_granularity": "annual", "activity": 100000, "activity_units": "MWh", "emissions_factor": 0.0, "emissions_factor_units": "field_not_modeled", "capacity": 80, "capacity_units": "MW", "capacity_factor": 0.143, "other1": "a", "other1_def": "capacity_factor_methodology", "other2": 0.0, "other2_def": "biomass_emissions", "other3": 0.0, "other3_def": "biomass_capacity", "other4": 0.0, "other4_def": "biomass_generation", "other5": 0.0, "other5_def": 0.0, "other6": 0.0, "other6_def": 0.0, "other7": 0.0, "other7_def": 0.0, "other8": 0.0, "other8_def": 0.0, "other9": 0.0, "other9_def": 0.0, "other10": 0.0, "other10_def": 0.0, "created_date": "2023-10-31 00:00:00", "modified_date": "2023-11-01 10:00:00"}}, {"type": "Feature", "geometry": {"type": "Point", "coordinates": [36.8905, -1.2431]}, "properties": {"source_id": 25451072, "source_name": "Iberafrica I & II (Nairobi south diesel PP)", "source_type": "oil", "iso3_country": "KEN", "sector": "power", "subsector": "electricity-generation", "start_time": "2019-01-01 00:00:00", "end_time": "2019-12-31 00:00:00", "geometry_ref": "trace_36.8905_-1.2431", "gas": "ch4", "emissions_quantity": 0.0, "temporal_granularity": "annual", "activity": 64000, "activity_units": "MWh", "emissions_factor": 0.0, "emissions_factor_units": "field_not_modeled", "capacity": 52, "capacity_units": "MW", "capacity_factor": 0.14, "other1": "a", "other1_def": "capacity_factor_methodology", "other2": 0.0, "other2_def": "biomass_emissions", "other3": 0.0, "other3_def": "biomass_capacity", "other4": 0.0, "other4_def": "biomass_generation", "other5": 0.0, "other5_def": 0.0, "other6": 0.0, "other6_def": 0.0, "other7": 0.0, "other7_def": 0.0, "other8": 0.0, "other8_def": 0.0, "other9": 0.0, "other9_def": 0.0, "other10": 0.0, "other10_def": 0.0, "created_date": "2023-10-31 00:00:00", "modified_date": "2023-11-01 10:00:00"}}, {"type": "Feature", "geometry": {"type": "Point", "coordinates": [36.8905, -1.2431]}, "properties": {"source_id": 25451072, "source_name": "Iberafrica I & II (Nairobi south diesel PP)", "source_type": "oil", "iso3_country": "KEN", "sector": "power", "subsector": "electricity-generation", "start_time": "2019-01-01 00:00:00", "end_time": "2019-12-31 00:00:00", "geometry_ref": "trace_36.8905_-1.2431", "gas": "co2", "emissions_quantity": 59000.0, "temporal_granularity": "annual", "activity": 64000, "activity_units": "MWh", "emissions_factor": 0.922, "emissions_factor_units": "T of CO2 per MWh", "capacity": 52, "capacity_units": "MW", "capacity_factor": 0.14, "other1": "a", "other1_def": "capacity_factor_methodology", "other2": 0.0, "other2_def": "biomass_emissions", "other3": 0.0, "other3_def": "biomass_capacity", "other4": 0.0, "other4_def": "biomass_generation", "other5": 0.0, "other5_def": 0.0, "other6": 0.0, "other6_def": 0.0, "other7": 0.0, "other7_def": 0.0, "other8": 0.0, "other8_def": 0.0, "other9": 0.0, "other9_def": 0.0, "other10": 0.0, "other10_def": 0.0, "created_date": "2023-10-31 00:00:00", "modified_date": "2023-11-01 10:00:00"}}, {"type": "Feature", "geometry": {"type": "Point", "coordinates": [36.8905, -1.2431]}, "properties": {"source_id": 25451072, "source_name": "Iberafrica I & II (Nairobi south diesel PP)", "source_type": "oil", "iso3_country": "KEN", "sector": "power", "subsector": "electricity-generation", "start_time": "2019-01-01 00:00:00", "end_time": "2019-12-31 00:00:00", "geometry_ref": "trace_36.8905_-1.2431", "gas": "co2e_100yr", "emissions_quantity": 59000.0, "temporal_granularity": "annual", "activity": 64000, "activity_units": "MWh", "emissions_factor": 0.0, "emissions_factor_units": 0, "capacity": 52, "capacity_units": "MW", "capacity_factor": 0.14, "other1": "a", "other1_def": "capacity_factor_methodology", "other2": 0.0, "other2_def": "biomass_emissions", "other3": 0.0, "other3_def": "biomass_capacity", "other4": 0.0, "other4_def": "biomass_generation", "other5": 0.0, "other5_def": 0.0, "other6": 0.0, "other6_def": 0.0, "other7": 0.0, "other7_def": 0.0, "other8": 0.0, "other8_def": 0.0, "other9": 0.0, "other9_def": 0.0, "other10": 0.0, "other10_def": 0.0, "created_date": "2023-10-31 00:00:00", "modified_date": "2023-11-01 10:00:00"}}, {"type": "Feature", "geometry": {"type": "Point", "coordinates": [36.8905, -1.2431]}, "properties": {"source_id": 25451072, "source_name": "Iberafrica I & II (Nairobi south diesel PP)", "source_type": "oil", "iso3_country": "KEN", "sector": "power", "subsector": "electricity-generation", "start_time": "2019-01-01 00:00:00", "end_time": "2019-12-31 00:00:00", "geometry_ref": "trace_36.8905_-1.2431", "gas": "co2e_20yr", "emissions_quantity": 59000.0, "temporal_granularity": "annual", "activity": 64000, "activity_units": "MWh", "emissions_factor": 0.0, "emissions_factor_units": 0, "capacity": 52, "capacity_units": "MW", "capacity_factor": 0.14, "other1": "a", "other1_def": "capacity_factor_methodology", "other2": 0.0, "other2_def": "biomass_emissions", "other3": 0.0, "other3_def": "biomass_capacity", "other4": 0.0, "other4_def": "biomass_generation", "other5": 0.0, "other5_def": 0.0, "other6": 0.0, "other6_def": 0.0, "other7": 0.0, "other7_def": 0.0, "other8": 0.0, "other8_def": 0.0, "other9": 0.0, "other9_def": 0.0, "other10": 0.0, "other10_def": 0.0, "created_date": "2023-10-31 00:00:00", "modified_date": "2023-11-01 10:00:00"}}, {"type": "Feature", "geometry": {"type": "Point", "coordinates": [36.8905, -1.2431]}, "properties": {"source_id": 25451072, "source_name": "Iberafrica I & II (Nairobi south diesel PP)", "source_type": "oil", "iso3_country": "KEN", "sector": "power", "subsector": "electricity-generation", "start_time": "2019-01-01 00:00:00", "end_time": "2019-12-31 00:00:00", "geometry_ref": "trace_36.8905_-1.2431", "gas": "n2o", "emissions_quantity": 0.0, "temporal_granularity": "annual", "activity": 64000, "activity_units": "MWh", "emissions_factor": 0.0, "emissions_factor_units": "field_not_modeled", "capacity": 52, "capacity_units": "MW", "capacity_factor": 0.14, "other1": "a", "other1_def": "capacity_factor_methodology", "other2": 0.0, "other2_def": "biomass_emissions", "other3": 0.0, "other3_def": "biomass_capacity", "other4": 0.0, "other4_def": "biomass_generation", "other5": 0.0, "other5_def": 0.0, "other6": 0.0, "other6_def": 0.0, "other7": 0.0, "other7_def": 0.0, "other8": 0.0, "other8_def": 0.0, "other9": 0.0, "other9_def": 0.0, "other10": 0.0, "other10_def": 0.0, "created_date": "2023-10-31 00:00:00", "modified_date": "2023-11-01 10:00:00"}}, {"type": "Feature", "geometry": {"type": "Point", "coordinates": [36.8905, -1.2431]}, "properties": {"source_id": 25451072, "source_name": "Iberafrica I & II (Nairobi south diesel PP)", "source_type": "oil", "iso3_country": "KEN", "sector": "power", "subsector": "electricity-generation", "start_time": "2020-01-01 00:00:00", "end_time": "2020-12-31 00:00:00", "geometry_ref": "trace_36.8905_-1.2431", "gas": "ch4", "emissions_quantity": 0.0, "temporal_granularity": "annual", "activity": 47000, "activity_units": "MWh", "emissions_factor": 0.0, "emissions_factor_units": "field_not_modeled", "capacity": 52, "capacity_units": "MW", "capacity_factor": 0.103, "other1": "a", "other1_def": "capacity_factor_methodology", "other2": 0.0, "other2_def": "biomass_emissions", "other3": 0.0, "other3_def": "biomass_capacity", "other4": 0.0, "other4_def": "biomass_generation", "other5": 0.0, "other5_def": 0.0, "other6": 0.0, "other6_def": 0.0, "other7": 0.0, "other7_def": 0.0, "other8": 0.0, "other8_def": 0.0, "other9": 0.0, "other9_def": 0.0, "other10": 0.0, "other10_def": 0.0, "created_date": "2023-10-31 00:00:00", "modified_date": "2023-11-01 10:00:00"}}, {"type": "Feature", "geometry": {"type": "Point", "coordinates": [36.8905, -1.2431]}, "properties": {"source_id": 25451072, "source_name": "Iberafrica I & II (Nairobi south diesel PP)", "source_type": "oil", "iso3_country": "KEN", "sector": "power", "subsector": "electricity-generation", "start_time": "2020-01-01 00:00:00", "end_time": "2020-12-31 00:00:00", "geometry_ref": "trace_36.8905_-1.2431", "gas": "co2", "emissions_quantity": 43000.0, "temporal_granularity": "annual", "activity": 47000, "activity_units": "MWh", "emissions_factor": 0.915, "emissions_factor_units": "T of CO2 per MWh", "capacity": 52, "capacity_units": "MW", "capacity_factor": 0.103, "other1": "a", "other1_def": "capacity_factor_methodology", "other2": 0.0, "other2_def": "biomass_emissions", "other3": 0.0, "other3_def": "biomass_capacity", "other4": 0.0, "other4_def": "biomass_generation", "other5": 0.0, "other5_def": 0.0, "other6": 0.0, "other6_def": 0.0, "other7": 0.0, "other7_def": 0.0, "other8": 0.0, "other8_def": 0.0, "other9": 0.0, "other9_def": 0.0, "other10": 0.0, "other10_def": 0.0, "created_date": "2023-10-31 00:00:00", "modified_date": "2023-11-01 10:00:00"}}, {"type": "Feature", "geometry": {"type": "Point", "coordinates": [36.8905, -1.2431]}, "properties": {"source_id": 25451072, "source_name": "Iberafrica I & II (Nairobi south diesel PP)", "source_type": "oil", "iso3_country": "KEN", "sector": "power", "subsector": "electricity-generation", "start_time": "2020-01-01 00:00:00", "end_time": "2020-12-31 00:00:00", "geometry_ref": "trace_36.8905_-1.2431", "gas": "co2e_100yr", "emissions_quantity": 43000.0, "temporal_granularity": "annual", "activity": 47000, "activity_units": "MWh", "emissions_factor": 0.0, "emissions_factor_units": 0, "capacity": 52, "capacity_units": "MW", "capacity_factor": 0.103, "other1": "a", "other1_def": "capacity_factor_methodology", "other2": 0.0, "other2_def": "biomass_emissions", "other3": 0.0, "other3_def": "biomass_capacity", "other4": 0.0, "other4_def": "biomass_generation", "other5": 0.0, "other5_def": 0.0, "other6": 0.0, "other6_def": 0.0, "other7": 0.0, "other7_def": 0.0, "other8": 0.0, "other8_def": 0.0, "other9": 0.0, "other9_def": 0.0, "other10": 0.0, "other10_def": 0.0, "created_date": "2023-10-31 00:00:00", "modified_date": "2023-11-01 10:00:00"}}, {"type": "Feature", "geometry": {"type": "Point", "coordinates": [36.8905, -1.2431]}, "properties": {"source_id": 25451072, "source_name": "Iberafrica I & II (Nairobi south diesel PP)", "source_type": "oil", "iso3_country": "KEN", "sector": "power", "subsector": "electricity-generation", "start_time": "2020-01-01 00:00:00", "end_time": "2020-12-31 00:00:00", "geometry_ref": "trace_36.8905_-1.2431", "gas": "co2e_20yr", "emissions_quantity": 43000.0, "temporal_granularity": "annual", "activity": 47000, "activity_units": "MWh", "emissions_factor": 0.0, "emissions_factor_units": 0, "capacity": 52, "capacity_units": "MW", "capacity_factor": 0.103, "other1": "a", "other1_def": "capacity_factor_methodology", "other2": 0.0, "other2_def": "biomass_emissions", "other3": 0.0, "other3_def": "biomass_capacity", "other4": 0.0, "other4_def": "biomass_generation", "other5": 0.0, "other5_def": 0.0, "other6": 0.0, "other6_def": 0.0, "other7": 0.0, "other7_def": 0.0, "other8": 0.0, "other8_def": 0.0, "other9": 0.0, "other9_def": 0.0, "other10": 0.0, "other10_def": 0.0, "created_date": "2023-10-31 00:00:00", "modified_date": "2023-11-01 10:00:00"}}, {"type": "Feature", "geometry": {"type": "Point", "coordinates": [36.8905, -1.2431]}, "properties": {"source_id": 25451072, "source_name": "Iberafrica I & II (Nairobi south diesel PP)", "source_type": "oil", "iso3_country": "KEN", "sector": "power", "subsector": "electricity-generation", "start_time": "2020-01-01 00:00:00", "end_time": "2020-12-31 00:00:00", "geometry_ref": "trace_36.8905_-1.2431", "gas": "n2o", "emissions_quantity": 0.0, "temporal_granularity": "annual", "activity": 47000, "activity_units": "MWh", "emissions_factor": 0.0, "emissions_factor_units": "field_not_modeled", "capacity": 52, "capacity_units": "MW", "capacity_factor": 0.103, "other1": "a", "other1_def": "capacity_factor_methodology", "other2": 0.0, "other2_def": "biomass_emissions", "other3": 0.0, "other3_def": "biomass_capacity", "other4": 0.0, "other4_def": "biomass_generation", "other5": 0.0, "other5_def": 0.0, "other6": 0.0, "other6_def": 0.0, "other7": 0.0, "other7_def": 0.0, "other8": 0.0, "other8_def": 0.0, "other9": 0.0, "other9_def": 0.0, "other10": 0.0, "other10_def": 0.0, "created_date": "2023-10-31 00:00:00", "modified_date": "2023-11-01 10:00:00"}}, {"type": "Feature", "geometry": {"type": "Point", "coordinates": [36.8905, -1.2431]}, "properties": {"source_id": 25451072, "source_name": "Iberafrica I & II (Nairobi south diesel PP)", "source_type": "oil", "iso3_country": "KEN", "sector": "power", "subsector": "electricity-generation", "start_time": "2021-01-01 00:00:00", "end_time": "2021-12-31 00:00:00", "geometry_ref": "trace_36.8905_-1.2431", "gas": "ch4", "emissions_quantity": 0.0, "temporal_granularity": "annual", "activity": 50000, "activity_units": "MWh", "emissions_factor": 0.0, "emissions_factor_units": "field_not_modeled", "capacity": 52, "capacity_units": "MW", "capacity_factor": 0.11, "other1": "a", "other1_def": "capacity_factor_methodology", "other2": 0.0, "other2_def": "biomass_emissions", "other3": 0.0, "other3_def": "biomass_capacity", "other4": 0.0, "other4_def": "biomass_generation", "other5": 0.0, "other5_def": 0.0, "other6": 0.0, "other6_def": 0.0, "other7": 0.0, "other7_def": 0.0, "other8": 0.0, "other8_def": 0.0, "other9": 0.0, "other9_def": 0.0, "other10": 0.0, "other10_def": 0.0, "created_date": "2023-10-31 00:00:00", "modified_date": "2023-11-01 10:00:00"}}, {"type": "Feature", "geometry": {"type": "Point", "coordinates": [36.8905, -1.2431]}, "properties": {"source_id": 25451072, "source_name": "Iberafrica I & II (Nairobi south diesel PP)", "source_type": "oil", "iso3_country": "KEN", "sector": "power", "subsector": "electricity-generation", "start_time": "2021-01-01 00:00:00", "end_time": "2021-12-31 00:00:00", "geometry_ref": "trace_36.8905_-1.2431", "gas": "co2", "emissions_quantity": 46000.0, "temporal_granularity": "annual", "activity": 50000, "activity_units": "MWh", "emissions_factor": 0.92, "emissions_factor_units": "T of CO2 per MWh", "capacity": 52, "capacity_units": "MW", "capacity_factor": 0.11, "other1": "a", "other1_def": "capacity_factor_methodology", "other2": 0.0, "other2_def": "biomass_emissions", "other3": 0.0, "other3_def": "biomass_capacity", "other4": 0.0, "other4_def": "biomass_generation", "other5": 0.0, "other5_def": 0.0, "other6": 0.0, "other6_def": 0.0, "other7": 0.0, "other7_def": 0.0, "other8": 0.0, "other8_def": 0.0, "other9": 0.0, "other9_def": 0.0, "other10": 0.0, "other10_def": 0.0, "created_date": "2023-10-31 00:00:00", "modified_date": "2023-11-01 10:00:00"}}, {"type": "Feature", "geometry": {"type": "Point", "coordinates": [36.8905, -1.2431]}, "properties": {"source_id": 25451072, "source_name": "Iberafrica I & II (Nairobi south diesel PP)", "source_type": "oil", "iso3_country": "KEN", "sector": "power", "subsector": "electricity-generation", "start_time": "2021-01-01 00:00:00", "end_time": "2021-12-31 00:00:00", "geometry_ref": "trace_36.8905_-1.2431", "gas": "co2e_100yr", "emissions_quantity": 46000.0, "temporal_granularity": "annual", "activity": 50000, "activity_units": "MWh", "emissions_factor": 0.0, "emissions_factor_units": 0, "capacity": 52, "capacity_units": "MW", "capacity_factor": 0.11, "other1": "a", "other1_def": "capacity_factor_methodology", "other2": 0.0, "other2_def": "biomass_emissions", "other3": 0.0, "other3_def": "biomass_capacity", "other4": 0.0, "other4_def": "biomass_generation", "other5": 0.0, "other5_def": 0.0, "other6": 0.0, "other6_def": 0.0, "other7": 0.0, "other7_def": 0.0, "other8": 0.0, "other8_def": 0.0, "other9": 0.0, "other9_def": 0.0, "other10": 0.0, "other10_def": 0.0, "created_date": "2023-10-31 00:00:00", "modified_date": "2023-11-01 10:00:00"}}, {"type": "Feature", "geometry": {"type": "Point", "coordinates": [36.8905, -1.2431]}, "properties": {"source_id": 25451072, "source_name": "Iberafrica I & II (Nairobi south diesel PP)", "source_type": "oil", "iso3_country": "KEN", "sector": "power", "subsector": "electricity-generation", "start_time": "2021-01-01 00:00:00", "end_time": "2021-12-31 00:00:00", "geometry_ref": "trace_36.8905_-1.2431", "gas": "co2e_20yr", "emissions_quantity": 46000.0, "temporal_granularity": "annual", "activity": 50000, "activity_units": "MWh", "emissions_factor": 0.0, "emissions_factor_units": 0, "capacity": 52, "capacity_units": "MW", "capacity_factor": 0.11, "other1": "a", "other1_def": "capacity_factor_methodology", "other2": 0.0, "other2_def": "biomass_emissions", "other3": 0.0, "other3_def": "biomass_capacity", "other4": 0.0, "other4_def": "biomass_generation", "other5": 0.0, "other5_def": 0.0, "other6": 0.0, "other6_def": 0.0, "other7": 0.0, "other7_def": 0.0, "other8": 0.0, "other8_def": 0.0, "other9": 0.0, "other9_def": 0.0, "other10": 0.0, "other10_def": 0.0, "created_date": "2023-10-31 00:00:00", "modified_date": "2023-11-01 10:00:00"}}, {"type": "Feature", "geometry": {"type": "Point", "coordinates": [36.8905, -1.2431]}, "properties": {"source_id": 25451072, "source_name": "Iberafrica I & II (Nairobi south diesel PP)", "source_type": "oil", "iso3_country": "KEN", "sector": "power", "subsector": "electricity-generation", "start_time": "2021-01-01 00:00:00", "end_time": "2021-12-31 00:00:00", "geometry_ref": "trace_36.8905_-1.2431", "gas": "n2o", "emissions_quantity": 0.0, "temporal_granularity": "annual", "activity": 50000, "activity_units": "MWh", "emissions_factor": 0.0, "emissions_factor_units": "field_not_modeled", "capacity": 52, "capacity_units": "MW", "capacity_factor": 0.11, "other1": "a", "other1_def": "capacity_factor_methodology", "other2": 0.0, "other2_def": "biomass_emissions", "other3": 0.0, "other3_def": "biomass_capacity", "other4": 0.0, "other4_def": "biomass_generation", "other5": 0.0, "other5_def": 0.0, "other6": 0.0, "other6_def": 0.0, "other7": 0.0, "other7_def": 0.0, "other8": 0.0, "other8_def": 0.0, "other9": 0.0, "other9_def": 0.0, "other10": 0.0, "other10_def": 0.0, "created_date": "2023-10-31 00:00:00", "modified_date": "2023-11-01 10:00:00"}}, {"type": "Feature", "geometry": {"type": "Point", "coordinates": [36.8905, -1.2431]}, "properties": {"source_id": 25451072, "source_name": "Iberafrica I & II (Nairobi south diesel PP)", "source_type": "oil", "iso3_country": "KEN", "sector": "power", "subsector": "electricity-generation", "start_time": "2022-01-01 00:00:00", "end_time": "2022-12-31 00:00:00", "geometry_ref": "trace_36.8905_-1.2431", "gas": "ch4", "emissions_quantity": 0.0, "temporal_granularity": "annual", "activity": 65000, "activity_units": "MWh", "emissions_factor": 0.0, "emissions_factor_units": "field_not_modeled", "capacity": 52, "capacity_units": "MW", "capacity_factor": 0.143, "other1": "a", "other1_def": "capacity_factor_methodology", "other2": 0.0, "other2_def": "biomass_emissions", "other3": 0.0, "other3_def": "biomass_capacity", "other4": 0.0, "other4_def": "biomass_generation", "other5": 0.0, "other5_def": 0.0, "other6": 0.0, "other6_def": 0.0, "other7": 0.0, "other7_def": 0.0, "other8": 0.0, "other8_def": 0.0, "other9": 0.0, "other9_def": 0.0, "other10": 0.0, "other10_def": 0.0, "created_date": "2023-10-31 00:00:00", "modified_date": "2023-11-01 10:00:00"}}, {"type": "Feature", "geometry": {"type": "Point", "coordinates": [36.8905, -1.2431]}, "properties": {"source_id": 25451072, "source_name": "Iberafrica I & II (Nairobi south diesel PP)", "source_type": "oil", "iso3_country": "KEN", "sector": "power", "subsector": "electricity-generation", "start_time": "2022-01-01 00:00:00", "end_time": "2022-12-31 00:00:00", "geometry_ref": "trace_36.8905_-1.2431", "gas": "co2", "emissions_quantity": 59000.0, "temporal_granularity": "annual", "activity": 65000, "activity_units": "MWh", "emissions_factor": 0.908, "emissions_factor_units": "T of CO2 per MWh", "capacity": 52, "capacity_units": "MW", "capacity_factor": 0.143, "other1": "a", "other1_def": "capacity_factor_methodology", "other2": 0.0, "other2_def": "biomass_emissions", "other3": 0.0, "other3_def": "biomass_capacity", "other4": 0.0, "other4_def": "biomass_generation", "other5": 0.0, "other5_def": 0.0, "other6": 0.0, "other6_def": 0.0, "other7": 0.0, "other7_def": 0.0, "other8": 0.0, "other8_def": 0.0, "other9": 0.0, "other9_def": 0.0, "other10": 0.0, "other10_def": 0.0, "created_date": "2023-10-31 00:00:00", "modified_date": "2023-11-01 10:00:00"}}, {"type": "Feature", "geometry": {"type": "Point", "coordinates": [36.8905, -1.2431]}, "properties": {"source_id": 25451072, "source_name": "Iberafrica I & II (Nairobi south diesel PP)", "source_type": "oil", "iso3_country": "KEN", "sector": "power", "subsector": "electricity-generation", "start_time": "2022-01-01 00:00:00", "end_time": "2022-12-31 00:00:00", "geometry_ref": "trace_36.8905_-1.2431", "gas": "co2e_100yr", "emissions_quantity": 59000.0, "temporal_granularity": "annual", "activity": 65000, "activity_units": "MWh", "emissions_factor": 0.0, "emissions_factor_units": 0, "capacity": 52, "capacity_units": "MW", "capacity_factor": 0.143, "other1": "a", "other1_def": "capacity_factor_methodology", "other2": 0.0, "other2_def": "biomass_emissions", "other3": 0.0, "other3_def": "biomass_capacity", "other4": 0.0, "other4_def": "biomass_generation", "other5": 0.0, "other5_def": 0.0, "other6": 0.0, "other6_def": 0.0, "other7": 0.0, "other7_def": 0.0, "other8": 0.0, "other8_def": 0.0, "other9": 0.0, "other9_def": 0.0, "other10": 0.0, "other10_def": 0.0, "created_date": "2023-10-31 00:00:00", "modified_date": "2023-11-01 10:00:00"}}, {"type": "Feature", "geometry": {"type": "Point", "coordinates": [36.8905, -1.2431]}, "properties": {"source_id": 25451072, "source_name": "Iberafrica I & II (Nairobi south diesel PP)", "source_type": "oil", "iso3_country": "KEN", "sector": "power", "subsector": "electricity-generation", "start_time": "2022-01-01 00:00:00", "end_time": "2022-12-31 00:00:00", "geometry_ref": "trace_36.8905_-1.2431", "gas": "co2e_20yr", "emissions_quantity": 59000.0, "temporal_granularity": "annual", "activity": 65000, "activity_units": "MWh", "emissions_factor": 0.0, "emissions_factor_units": 0, "capacity": 52, "capacity_units": "MW", "capacity_factor": 0.143, "other1": "a", "other1_def": "capacity_factor_methodology", "other2": 0.0, "other2_def": "biomass_emissions", "other3": 0.0, "other3_def": "biomass_capacity", "other4": 0.0, "other4_def": "biomass_generation", "other5": 0.0, "other5_def": 0.0, "other6": 0.0, "other6_def": 0.0, "other7": 0.0, "other7_def": 0.0, "other8": 0.0, "other8_def": 0.0, "other9": 0.0, "other9_def": 0.0, "other10": 0.0, "other10_def": 0.0, "created_date": "2023-10-31 00:00:00", "modified_date": "2023-11-01 10:00:00"}}, {"type": "Feature", "geometry": {"type": "Point", "coordinates": [36.8905, -1.2431]}, "properties": {"source_id": 25451072, "source_name": "Iberafrica I & II (Nairobi south diesel PP)", "source_type": "oil", "iso3_country": "KEN", "sector": "power", "subsector": "electricity-generation", "start_time": "2022-01-01 00:00:00", "end_time": "2022-12-31 00:00:00", "geometry_ref": "trace_36.8905_-1.2431", "gas": "n2o", "emissions_quantity": 0.0, "temporal_granularity": "annual", "activity": 65000, "activity_units": "MWh", "emissions_factor": 0.0, "emissions_factor_units": "field_not_modeled", "capacity": 52, "capacity_units": "MW", "capacity_factor": 0.143, "other1": "a", "other1_def": "capacity_factor_methodology", "other2": 0.0, "other2_def": "biomass_emissions", "other3": 0.0, "other3_def": "biomass_capacity", "other4": 0.0, "other4_def": "biomass_generation", "other5": 0.0, "other5_def": 0.0, "other6": 0.0, "other6_def": 0.0, "other7": 0.0, "other7_def": 0.0, "other8": 0.0, "other8_def": 0.0, "other9": 0.0, "other9_def": 0.0, "other10": 0.0, "other10_def": 0.0, "created_date": "2023-10-31 00:00:00", "modified_date": "2023-11-01 10:00:00"}}, {"type": "Feature", "geometry": {"type": "Point", "coordinates": [39.6357, -4.0391]}, "properties": {"source_id": 25451208, "source_name": "Kipevu I power station", "source_type": "oil", "iso3_country": "KEN", "sector": "power", "subsector": "electricity-generation", "start_time": "2019-01-01 00:00:00", "end_time": "2019-12-31 00:00:00", "geometry_ref": "trace_39.6357_-4.0391", "gas": "ch4", "emissions_quantity": 0.0, "temporal_granularity": "annual", "activity": 90000, "activity_units": "MWh", "emissions_factor": 0.0, "emissions_factor_units": "field_not_modeled", "capacity": 74, "capacity_units": "MW", "capacity_factor": 0.139, "other1": "a", "other1_def": "capacity_factor_methodology", "other2": 0.0, "other2_def": "biomass_emissions", "other3": 0.0, "other3_def": "biomass_capacity", "other4": 0.0, "other4_def": "biomass_generation", "other5": 0.0, "other5_def": 0.0, "other6": 0.0, "other6_def": 0.0, "other7": 0.0, "other7_def": 0.0, "other8": 0.0, "other8_def": 0.0, "other9": 0.0, "other9_def": 0.0, "other10": 0.0, "other10_def": 0.0, "created_date": "2023-10-31 00:00:00", "modified_date": "2023-11-01 10:00:00"}}, {"type": "Feature", "geometry": {"type": "Point", "coordinates": [39.6357, -4.0391]}, "properties": {"source_id": 25451208, "source_name": "Kipevu I power station", "source_type": "oil", "iso3_country": "KEN", "sector": "power", "subsector": "electricity-generation", "start_time": "2019-01-01 00:00:00", "end_time": "2019-12-31 00:00:00", "geometry_ref": "trace_39.6357_-4.0391", "gas": "co2", "emissions_quantity": 82000.0, "temporal_granularity": "annual", "activity": 90000, "activity_units": "MWh", "emissions_factor": 0.911, "emissions_factor_units": "T of CO2 per MWh", "capacity": 74, "capacity_units": "MW", "capacity_factor": 0.139, "other1": "a", "other1_def": "capacity_factor_methodology", "other2": 0.0, "other2_def": "biomass_emissions", "other3": 0.0, "other3_def": "biomass_capacity", "other4": 0.0, "other4_def": "biomass_generation", "other5": 0.0, "other5_def": 0.0, "other6": 0.0, "other6_def": 0.0, "other7": 0.0, "other7_def": 0.0, "other8": 0.0, "other8_def": 0.0, "other9": 0.0, "other9_def": 0.0, "other10": 0.0, "other10_def": 0.0, "created_date": "2023-10-31 00:00:00", "modified_date": "2023-11-01 10:00:00"}}, {"type": "Feature", "geometry": {"type": "Point", "coordinates": [39.6357, -4.0391]}, "properties": {"source_id": 25451208, "source_name": "Kipevu I power station", "source_type": "oil", "iso3_country": "KEN", "sector": "power", "subsector": "electricity-generation", "start_time": "2019-01-01 00:00:00", "end_time": "2019-12-31 00:00:00", "geometry_ref": "trace_39.6357_-4.0391", "gas": "co2e_100yr", "emissions_quantity": 82000.0, "temporal_granularity": "annual", "activity": 90000, "activity_units": "MWh", "emissions_factor": 0.0, "emissions_factor_units": 0, "capacity": 74, "capacity_units": "MW", "capacity_factor": 0.139, "other1": "a", "other1_def": "capacity_factor_methodology", "other2": 0.0, "other2_def": "biomass_emissions", "other3": 0.0, "other3_def": "biomass_capacity", "other4": 0.0, "other4_def": "biomass_generation", "other5": 0.0, "other5_def": 0.0, "other6": 0.0, "other6_def": 0.0, "other7": 0.0, "other7_def": 0.0, "other8": 0.0, "other8_def": 0.0, "other9": 0.0, "other9_def": 0.0, "other10": 0.0, "other10_def": 0.0, "created_date": "2023-10-31 00:00:00", "modified_date": "2023-11-01 10:00:00"}}, {"type": "Feature", "geometry": {"type": "Point", "coordinates": [39.6357, -4.0391]}, "properties": {"source_id": 25451208, "source_name": "Kipevu I power station", "source_type": "oil", "iso3_country": "KEN", "sector": "power", "subsector": "electricity-generation", "start_time": "2019-01-01 00:00:00", "end_time": "2019-12-31 00:00:00", "geometry_ref": "trace_39.6357_-4.0391", "gas": "co2e_20yr", "emissions_quantity": 82000.0, "temporal_granularity": "annual", "activity": 90000, "activity_units": "MWh", "emissions_factor": 0.0, "emissions_factor_units": 0, "capacity": 74, "capacity_units": "MW", "capacity_factor": 0.139, "other1": "a", "other1_def": "capacity_factor_methodology", "other2": 0.0, "other2_def": "biomass_emissions", "other3": 0.0, "other3_def": "biomass_capacity", "other4": 0.0, "other4_def": "biomass_generation", "other5": 0.0, "other5_def": 0.0, "other6": 0.0, "other6_def": 0.0, "other7": 0.0, "other7_def": 0.0, "other8": 0.0, "other8_def": 0.0, "other9": 0.0, "other9_def": 0.0, "other10": 0.0, "other10_def": 0.0, "created_date": "2023-10-31 00:00:00", "modified_date": "2023-11-01 10:00:00"}}, {"type": "Feature", "geometry": {"type": "Point", "coordinates": [39.6357, -4.0391]}, "properties": {"source_id": 25451208, "source_name": "Kipevu I power station", "source_type": "oil", "iso3_country": "KEN", "sector": "power", "subsector": "electricity-generation", "start_time": "2019-01-01 00:00:00", "end_time": "2019-12-31 00:00:00", "geometry_ref": "trace_39.6357_-4.0391", "gas": "n2o", "emissions_quantity": 0.0, "temporal_granularity": "annual", "activity": 90000, "activity_units": "MWh", "emissions_factor": 0.0, "emissions_factor_units": "field_not_modeled", "capacity": 74, "capacity_units": "MW", "capacity_factor": 0.139, "other1": "a", "other1_def": "capacity_factor_methodology", "other2": 0.0, "other2_def": "biomass_emissions", "other3": 0.0, "other3_def": "biomass_capacity", "other4": 0.0, "other4_def": "biomass_generation", "other5": 0.0, "other5_def": 0.0, "other6": 0.0, "other6_def": 0.0, "other7": 0.0, "other7_def": 0.0, "other8": 0.0, "other8_def": 0.0, "other9": 0.0, "other9_def": 0.0, "other10": 0.0, "other10_def": 0.0, "created_date": "2023-10-31 00:00:00", "modified_date": "2023-11-01 10:00:00"}}, {"type": "Feature", "geometry": {"type": "Point", "coordinates": [39.6357, -4.0391]}, "properties": {"source_id": 25451208, "source_name": "Kipevu I power station", "source_type": "oil", "iso3_country": "KEN", "sector": "power", "subsector": "electricity-generation", "start_time": "2020-01-01 00:00:00", "end_time": "2020-12-31 00:00:00", "geometry_ref": "trace_39.6357_-4.0391", "gas": "ch4", "emissions_quantity": 0.0, "temporal_granularity": "annual", "activity": 66000, "activity_units": "MWh", "emissions_factor": 0.0, "emissions_factor_units": "field_not_modeled", "capacity": 74, "capacity_units": "MW", "capacity_factor": 0.102, "other1": "a", "other1_def": "capacity_factor_methodology", "other2": 0.0, "other2_def": "biomass_emissions", "other3": 0.0, "other3_def": "biomass_capacity", "other4": 0.0, "other4_def": "biomass_generation", "other5": 0.0, "other5_def": 0.0, "other6": 0.0, "other6_def": 0.0, "other7": 0.0, "other7_def": 0.0, "other8": 0.0, "other8_def": 0.0, "other9": 0.0, "other9_def": 0.0, "other10": 0.0, "other10_def": 0.0, "created_date": "2023-10-31 00:00:00", "modified_date": "2023-11-01 10:00:00"}}, {"type": "Feature", "geometry": {"type": "Point", "coordinates": [39.6357, -4.0391]}, "properties": {"source_id": 25451208, "source_name": "Kipevu I power station", "source_type": "oil", "iso3_country": "KEN", "sector": "power", "subsector": "electricity-generation", "start_time": "2020-01-01 00:00:00", "end_time": "2020-12-31 00:00:00", "geometry_ref": "trace_39.6357_-4.0391", "gas": "co2", "emissions_quantity": 60000.0, "temporal_granularity": "annual", "activity": 66000, "activity_units": "MWh", "emissions_factor": 0.909, "emissions_factor_units": "T of CO2 per MWh", "capacity": 74, "capacity_units": "MW", "capacity_factor": 0.102, "other1": "a", "other1_def": "capacity_factor_methodology", "other2": 0.0, "other2_def": "biomass_emissions", "other3": 0.0, "other3_def": "biomass_capacity", "other4": 0.0, "other4_def": "biomass_generation", "other5": 0.0, "other5_def": 0.0, "other6": 0.0, "other6_def": 0.0, "other7": 0.0, "other7_def": 0.0, "other8": 0.0, "other8_def": 0.0, "other9": 0.0, "other9_def": 0.0, "other10": 0.0, "other10_def": 0.0, "created_date": "2023-10-31 00:00:00", "modified_date": "2023-11-01 10:00:00"}}, {"type": "Feature", "geometry": {"type": "Point", "coordinates": [39.6357, -4.0391]}, "properties": {"source_id": 25451208, "source_name": "Kipevu I power station", "source_type": "oil", "iso3_country": "KEN", "sector": "power", "subsector": "electricity-generation", "start_time": "2020-01-01 00:00:00", "end_time": "2020-12-31 00:00:00", "geometry_ref": "trace_39.6357_-4.0391", "gas": "co2e_100yr", "emissions_quantity": 60000.0, "temporal_granularity": "annual", "activity": 66000, "activity_units": "MWh", "emissions_factor": 0.0, "emissions_factor_units": 0, "capacity": 74, "capacity_units": "MW", "capacity_factor": 0.102, "other1": "a", "other1_def": "capacity_factor_methodology", "other2": 0.0, "other2_def": "biomass_emissions", "other3": 0.0, "other3_def": "biomass_capacity", "other4": 0.0, "other4_def": "biomass_generation", "other5": 0.0, "other5_def": 0.0, "other6": 0.0, "other6_def": 0.0, "other7": 0.0, "other7_def": 0.0, "other8": 0.0, "other8_def": 0.0, "other9": 0.0, "other9_def": 0.0, "other10": 0.0, "other10_def": 0.0, "created_date": "2023-10-31 00:00:00", "modified_date": "2023-11-01 10:00:00"}}, {"type": "Feature", "geometry": {"type": "Point", "coordinates": [39.6357, -4.0391]}, "properties": {"source_id": 25451208, "source_name": "Kipevu I power station", "source_type": "oil", "iso3_country": "KEN", "sector": "power", "subsector": "electricity-generation", "start_time": "2020-01-01 00:00:00", "end_time": "2020-12-31 00:00:00", "geometry_ref": "trace_39.6357_-4.0391", "gas": "co2e_20yr", "emissions_quantity": 60000.0, "temporal_granularity": "annual", "activity": 66000, "activity_units": "MWh", "emissions_factor": 0.0, "emissions_factor_units": 0, "capacity": 74, "capacity_units": "MW", "capacity_factor": 0.102, "other1": "a", "other1_def": "capacity_factor_methodology", "other2": 0.0, "other2_def": "biomass_emissions", "other3": 0.0, "other3_def": "biomass_capacity", "other4": 0.0, "other4_def": "biomass_generation", "other5": 0.0, "other5_def": 0.0, "other6": 0.0, "other6_def": 0.0, "other7": 0.0, "other7_def": 0.0, "other8": 0.0, "other8_def": 0.0, "other9": 0.0, "other9_def": 0.0, "other10": 0.0, "other10_def": 0.0, "created_date": "2023-10-31 00:00:00", "modified_date": "2023-11-01 10:00:00"}}, {"type": "Feature", "geometry": {"type": "Point", "coordinates": [39.6357, -4.0391]}, "properties": {"source_id": 25451208, "source_name": "Kipevu I power station", "source_type": "oil", "iso3_country": "KEN", "sector": "power", "subsector": "electricity-generation", "start_time": "2020-01-01 00:00:00", "end_time": "2020-12-31 00:00:00", "geometry_ref": "trace_39.6357_-4.0391", "gas": "n2o", "emissions_quantity": 0.0, "temporal_granularity": "annual", "activity": 66000, "activity_units": "MWh", "emissions_factor": 0.0, "emissions_factor_units": "field_not_modeled", "capacity": 74, "capacity_units": "MW", "capacity_factor": 0.102, "other1": "a", "other1_def": "capacity_factor_methodology", "other2": 0.0, "other2_def": "biomass_emissions", "other3": 0.0, "other3_def": "biomass_capacity", "other4": 0.0, "other4_def": "biomass_generation", "other5": 0.0, "other5_def": 0.0, "other6": 0.0, "other6_def": 0.0, "other7": 0.0, "other7_def": 0.0, "other8": 0.0, "other8_def": 0.0, "other9": 0.0, "other9_def": 0.0, "other10": 0.0, "other10_def": 0.0, "created_date": "2023-10-31 00:00:00", "modified_date": "2023-11-01 10:00:00"}}, {"type": "Feature", "geometry": {"type": "Point", "coordinates": [39.6357, -4.0391]}, "properties": {"source_id": 25451208, "source_name": "Kipevu I power station", "source_type": "oil", "iso3_country": "KEN", "sector": "power", "subsector": "electricity-generation", "start_time": "2021-01-01 00:00:00", "end_time": "2021-12-31 00:00:00", "geometry_ref": "trace_39.6357_-4.0391", "gas": "ch4", "emissions_quantity": 0.0, "temporal_granularity": "annual", "activity": 70000, "activity_units": "MWh", "emissions_factor": 0.0, "emissions_factor_units": "field_not_modeled", "capacity": 74, "capacity_units": "MW", "capacity_factor": 0.108, "other1": "a", "other1_def": "capacity_factor_methodology", "other2": 0.0, "other2_def": "biomass_emissions", "other3": 0.0, "other3_def": "biomass_capacity", "other4": 0.0, "other4_def": "biomass_generation", "other5": 0.0, "other5_def": 0.0, "other6": 0.0, "other6_def": 0.0, "other7": 0.0, "other7_def": 0.0, "other8": 0.0, "other8_def": 0.0, "other9": 0.0, "other9_def": 0.0, "other10": 0.0, "other10_def": 0.0, "created_date": "2023-10-31 00:00:00", "modified_date": "2023-11-01 10:00:00"}}, {"type": "Feature", "geometry": {"type": "Point", "coordinates": [39.6357, -4.0391]}, "properties": {"source_id": 25451208, "source_name": "Kipevu I power station", "source_type": "oil", "iso3_country": "KEN", "sector": "power", "subsector": "electricity-generation", "start_time": "2021-01-01 00:00:00", "end_time": "2021-12-31 00:00:00", "geometry_ref": "trace_39.6357_-4.0391", "gas": "co2", "emissions_quantity": 64000.0, "temporal_granularity": "annual", "activity": 70000, "activity_units": "MWh", "emissions_factor": 0.914, "emissions_factor_units": "T of CO2 per MWh", "capacity": 74, "capacity_units": "MW", "capacity_factor": 0.108, "other1": "a", "other1_def": "capacity_factor_methodology", "other2": 0.0, "other2_def": "biomass_emissions", "other3": 0.0, "other3_def": "biomass_capacity", "other4": 0.0, "other4_def": "biomass_generation", "other5": 0.0, "other5_def": 0.0, "other6": 0.0, "other6_def": 0.0, "other7": 0.0, "other7_def": 0.0, "other8": 0.0, "other8_def": 0.0, "other9": 0.0, "other9_def": 0.0, "other10": 0.0, "other10_def": 0.0, "created_date": "2023-10-31 00:00:00", "modified_date": "2023-11-01 10:00:00"}}, {"type": "Feature", "geometry": {"type": "Point", "coordinates": [39.6357, -4.0391]}, "properties": {"source_id": 25451208, "source_name": "Kipevu I power station", "source_type": "oil", "iso3_country": "KEN", "sector": "power", "subsector": "electricity-generation", "start_time": "2021-01-01 00:00:00", "end_time": "2021-12-31 00:00:00", "geometry_ref": "trace_39.6357_-4.0391", "gas": "co2e_100yr", "emissions_quantity": 64000.0, "temporal_granularity": "annual", "activity": 70000, "activity_units": "MWh", "emissions_factor": 0.0, "emissions_factor_units": 0, "capacity": 74, "capacity_units": "MW", "capacity_factor": 0.108, "other1": "a", "other1_def": "capacity_factor_methodology", "other2": 0.0, "other2_def": "biomass_emissions", "other3": 0.0, "other3_def": "biomass_capacity", "other4": 0.0, "other4_def": "biomass_generation", "other5": 0.0, "other5_def": 0.0, "other6": 0.0, "other6_def": 0.0, "other7": 0.0, "other7_def": 0.0, "other8": 0.0, "other8_def": 0.0, "other9": 0.0, "other9_def": 0.0, "other10": 0.0, "other10_def": 0.0, "created_date": "2023-10-31 00:00:00", "modified_date": "2023-11-01 10:00:00"}}, {"type": "Feature", "geometry": {"type": "Point", "coordinates": [39.6357, -4.0391]}, "properties": {"source_id": 25451208, "source_name": "Kipevu I power station", "source_type": "oil", "iso3_country": "KEN", "sector": "power", "subsector": "electricity-generation", "start_time": "2021-01-01 00:00:00", "end_time": "2021-12-31 00:00:00", "geometry_ref": "trace_39.6357_-4.0391", "gas": "co2e_20yr", "emissions_quantity": 64000.0, "temporal_granularity": "annual", "activity": 70000, "activity_units": "MWh", "emissions_factor": 0.0, "emissions_factor_units": 0, "capacity": 74, "capacity_units": "MW", "capacity_factor": 0.108, "other1": "a", "other1_def": "capacity_factor_methodology", "other2": 0.0, "other2_def": "biomass_emissions", "other3": 0.0, "other3_def": "biomass_capacity", "other4": 0.0, "other4_def": "biomass_generation", "other5": 0.0, "other5_def": 0.0, "other6": 0.0, "other6_def": 0.0, "other7": 0.0, "other7_def": 0.0, "other8": 0.0, "other8_def": 0.0, "other9": 0.0, "other9_def": 0.0, "other10": 0.0, "other10_def": 0.0, "created_date": "2023-10-31 00:00:00", "modified_date": "2023-11-01 10:00:00"}}, {"type": "Feature", "geometry": {"type": "Point", "coordinates": [39.6357, -4.0391]}, "properties": {"source_id": 25451208, "source_name": "Kipevu I power station", "source_type": "oil", "iso3_country": "KEN", "sector": "power", "subsector": "electricity-generation", "start_time": "2021-01-01 00:00:00", "end_time": "2021-12-31 00:00:00", "geometry_ref": "trace_39.6357_-4.0391", "gas": "n2o", "emissions_quantity": 0.0, "temporal_granularity": "annual", "activity": 70000, "activity_units": "MWh", "emissions_factor": 0.0, "emissions_factor_units": "field_not_modeled", "capacity": 74, "capacity_units": "MW", "capacity_factor": 0.108, "other1": "a", "other1_def": "capacity_factor_methodology", "other2": 0.0, "other2_def": "biomass_emissions", "other3": 0.0, "other3_def": "biomass_capacity", "other4": 0.0, "other4_def": "biomass_generation", "other5": 0.0, "other5_def": 0.0, "other6": 0.0, "other6_def": 0.0, "other7": 0.0, "other7_def": 0.0, "other8": 0.0, "other8_def": 0.0, "other9": 0.0, "other9_def": 0.0, "other10": 0.0, "other10_def": 0.0, "created_date": "2023-10-31 00:00:00", "modified_date": "2023-11-01 10:00:00"}}, {"type": "Feature", "geometry": {"type": "Point", "coordinates": [39.6357, -4.0391]}, "properties": {"source_id": 25451208, "source_name": "Kipevu I power station", "source_type": "oil", "iso3_country": "KEN", "sector": "power", "subsector": "electricity-generation", "start_time": "2022-01-01 00:00:00", "end_time": "2022-12-31 00:00:00", "geometry_ref": "trace_39.6357_-4.0391", "gas": "ch4", "emissions_quantity": 0.0, "temporal_granularity": "annual", "activity": 91000, "activity_units": "MWh", "emissions_factor": 0.0, "emissions_factor_units": "field_not_modeled", "capacity": 74, "capacity_units": "MW", "capacity_factor": 0.14, "other1": "a", "other1_def": "capacity_factor_methodology", "other2": 0.0, "other2_def": "biomass_emissions", "other3": 0.0, "other3_def": "biomass_capacity", "other4": 0.0, "other4_def": "biomass_generation", "other5": 0.0, "other5_def": 0.0, "other6": 0.0, "other6_def": 0.0, "other7": 0.0, "other7_def": 0.0, "other8": 0.0, "other8_def": 0.0, "other9": 0.0, "other9_def": 0.0, "other10": 0.0, "other10_def": 0.0, "created_date": "2023-10-31 00:00:00", "modified_date": "2023-11-01 10:00:00"}}, {"type": "Feature", "geometry": {"type": "Point", "coordinates": [39.6357, -4.0391]}, "properties": {"source_id": 25451208, "source_name": "Kipevu I power station", "source_type": "oil", "iso3_country": "KEN", "sector": "power", "subsector": "electricity-generation", "start_time": "2022-01-01 00:00:00", "end_time": "2022-12-31 00:00:00", "geometry_ref": "trace_39.6357_-4.0391", "gas": "co2", "emissions_quantity": 83000.0, "temporal_granularity": "annual", "activity": 91000, "activity_units": "MWh", "emissions_factor": 0.912, "emissions_factor_units": "T of CO2 per MWh", "capacity": 74, "capacity_units": "MW", "capacity_factor": 0.14, "other1": "a", "other1_def": "capacity_factor_methodology", "other2": 0.0, "other2_def": "biomass_emissions", "other3": 0.0, "other3_def": "biomass_capacity", "other4": 0.0, "other4_def": "biomass_generation", "other5": 0.0, "other5_def": 0.0, "other6": 0.0, "other6_def": 0.0, "other7": 0.0, "other7_def": 0.0, "other8": 0.0, "other8_def": 0.0, "other9": 0.0, "other9_def": 0.0, "other10": 0.0, "other10_def": 0.0, "created_date": "2023-10-31 00:00:00", "modified_date": "2023-11-01 10:00:00"}}, {"type": "Feature", "geometry": {"type": "Point", "coordinates": [39.6357, -4.0391]}, "properties": {"source_id": 25451208, "source_name": "Kipevu I power station", "source_type": "oil", "iso3_country": "KEN", "sector": "power", "subsector": "electricity-generation", "start_time": "2022-01-01 00:00:00", "end_time": "2022-12-31 00:00:00", "geometry_ref": "trace_39.6357_-4.0391", "gas": "co2e_100yr", "emissions_quantity": 83000.0, "temporal_granularity": "annual", "activity": 91000, "activity_units": "MWh", "emissions_factor": 0.0, "emissions_factor_units": 0, "capacity": 74, "capacity_units": "MW", "capacity_factor": 0.14, "other1": "a", "other1_def": "capacity_factor_methodology", "other2": 0.0, "other2_def": "biomass_emissions", "other3": 0.0, "other3_def": "biomass_capacity", "other4": 0.0, "other4_def": "biomass_generation", "other5": 0.0, "other5_def": 0.0, "other6": 0.0, "other6_def": 0.0, "other7": 0.0, "other7_def": 0.0, "other8": 0.0, "other8_def": 0.0, "other9": 0.0, "other9_def": 0.0, "other10": 0.0, "other10_def": 0.0, "created_date": "2023-10-31 00:00:00", "modified_date": "2023-11-01 10:00:00"}}, {"type": "Feature", "geometry": {"type": "Point", "coordinates": [39.6357, -4.0391]}, "properties": {"source_id": 25451208, "source_name": "Kipevu I power station", "source_type": "oil", "iso3_country": "KEN", "sector": "power", "subsector": "electricity-generation", "start_time": "2022-01-01 00:00:00", "end_time": "2022-12-31 00:00:00", "geometry_ref": "trace_39.6357_-4.0391", "gas": "co2e_20yr", "emissions_quantity": 83000.0, "temporal_granularity": "annual", "activity": 91000, "activity_units": "MWh", "emissions_factor": 0.0, "emissions_factor_units": 0, "capacity": 74, "capacity_units": "MW", "capacity_factor": 0.14, "other1": "a", "other1_def": "capacity_factor_methodology", "other2": 0.0, "other2_def": "biomass_emissions", "other3": 0.0, "other3_def": "biomass_capacity", "other4": 0.0, "other4_def": "biomass_generation", "other5": 0.0, "other5_def": 0.0, "other6": 0.0, "other6_def": 0.0, "other7": 0.0, "other7_def": 0.0, "other8": 0.0, "other8_def": 0.0, "other9": 0.0, "other9_def": 0.0, "other10": 0.0, "other10_def": 0.0, "created_date": "2023-10-31 00:00:00", "modified_date": "2023-11-01 10:00:00"}}, {"type": "Feature", "geometry": {"type": "Point", "coordinates": [39.6357, -4.0391]}, "properties": {"source_id": 25451208, "source_name": "Kipevu I power station", "source_type": "oil", "iso3_country": "KEN", "sector": "power", "subsector": "electricity-generation", "start_time": "2022-01-01 00:00:00", "end_time": "2022-12-31 00:00:00", "geometry_ref": "trace_39.6357_-4.0391", "gas": "n2o", "emissions_quantity": 0.0, "temporal_granularity": "annual", "activity": 91000, "activity_units": "MWh", "emissions_factor": 0.0, "emissions_factor_units": "field_not_modeled", "capacity": 74, "capacity_units": "MW", "capacity_factor": 0.14, "other1": "a", "other1_def": "capacity_factor_methodology", "other2": 0.0, "other2_def": "biomass_emissions", "other3": 0.0, "other3_def": "biomass_capacity", "other4": 0.0, "other4_def": "biomass_generation", "other5": 0.0, "other5_def": 0.0, "other6": 0.0, "other6_def": 0.0, "other7": 0.0, "other7_def": 0.0, "other8": 0.0, "other8_def": 0.0, "other9": 0.0, "other9_def": 0.0, "other10": 0.0, "other10_def": 0.0, "created_date": "2023-10-31 00:00:00", "modified_date": "2023-11-01 10:00:00"}}, {"type": "Feature", "geometry": {"type": "Point", "coordinates": [39.6346, -4.04]}, "properties": {"source_id": 25452816, "source_name": "Kipevu II (Tsavo)", "source_type": "oil", "iso3_country": "KEN", "sector": "power", "subsector": "electricity-generation", "start_time": "2021-01-01 00:00:00", "end_time": "2021-12-31 00:00:00", "geometry_ref": "trace_39.6346_-4.04", "gas": "ch4", "emissions_quantity": 0.0, "temporal_granularity": "annual", "activity": 71000, "activity_units": "MWh", "emissions_factor": 0.0, "emissions_factor_units": "field_not_modeled", "capacity": 74, "capacity_units": "MW", "capacity_factor": 0.11, "other1": "a", "other1_def": "capacity_factor_methodology", "other2": 0.0, "other2_def": "biomass_emissions", "other3": 0.0, "other3_def": "biomass_capacity", "other4": 0.0, "other4_def": "biomass_generation", "other5": 0.0, "other5_def": 0.0, "other6": 0.0, "other6_def": 0.0, "other7": 0.0, "other7_def": 0.0, "other8": 0.0, "other8_def": 0.0, "other9": 0.0, "other9_def": 0.0, "other10": 0.0, "other10_def": 0.0, "created_date": "2023-10-31 00:00:00", "modified_date": "2023-11-01 10:00:00"}}, {"type": "Feature", "geometry": {"type": "Point", "coordinates": [39.6346, -4.04]}, "properties": {"source_id": 25452816, "source_name": "Kipevu II (Tsavo)", "source_type": "oil", "iso3_country": "KEN", "sector": "power", "subsector": "electricity-generation", "start_time": "2021-01-01 00:00:00", "end_time": "2021-12-31 00:00:00", "geometry_ref": "trace_39.6346_-4.04", "gas": "co2", "emissions_quantity": 64000.0, "temporal_granularity": "annual", "activity": 71000, "activity_units": "MWh", "emissions_factor": 0.901, "emissions_factor_units": "T of CO2 per MWh", "capacity": 74, "capacity_units": "MW", "capacity_factor": 0.11, "other1": "a", "other1_def": "capacity_factor_methodology", "other2": 0.0, "other2_def": "biomass_emissions", "other3": 0.0, "other3_def": "biomass_capacity", "other4": 0.0, "other4_def": "biomass_generation", "other5": 0.0, "other5_def": 0.0, "other6": 0.0, "other6_def": 0.0, "other7": 0.0, "other7_def": 0.0, "other8": 0.0, "other8_def": 0.0, "other9": 0.0, "other9_def": 0.0, "other10": 0.0, "other10_def": 0.0, "created_date": "2023-10-31 00:00:00", "modified_date": "2023-11-01 10:00:00"}}, {"type": "Feature", "geometry": {"type": "Point", "coordinates": [39.6346, -4.04]}, "properties": {"source_id": 25452816, "source_name": "Kipevu II (Tsavo)", "source_type": "oil", "iso3_country": "KEN", "sector": "power", "subsector": "electricity-generation", "start_time": "2021-01-01 00:00:00", "end_time": "2021-12-31 00:00:00", "geometry_ref": "trace_39.6346_-4.04", "gas": "co2e_100yr", "emissions_quantity": 64000.0, "temporal_granularity": "annual", "activity": 71000, "activity_units": "MWh", "emissions_factor": 0.0, "emissions_factor_units": 0, "capacity": 74, "capacity_units": "MW", "capacity_factor": 0.11, "other1": "a", "other1_def": "capacity_factor_methodology", "other2": 0.0, "other2_def": "biomass_emissions", "other3": 0.0, "other3_def": "biomass_capacity", "other4": 0.0, "other4_def": "biomass_generation", "other5": 0.0, "other5_def": 0.0, "other6": 0.0, "other6_def": 0.0, "other7": 0.0, "other7_def": 0.0, "other8": 0.0, "other8_def": 0.0, "other9": 0.0, "other9_def": 0.0, "other10": 0.0, "other10_def": 0.0, "created_date": "2023-10-31 00:00:00", "modified_date": "2023-11-01 10:00:00"}}, {"type": "Feature", "geometry": {"type": "Point", "coordinates": [39.6346, -4.04]}, "properties": {"source_id": 25452816, "source_name": "Kipevu II (Tsavo)", "source_type": "oil", "iso3_country": "KEN", "sector": "power", "subsector": "electricity-generation", "start_time": "2021-01-01 00:00:00", "end_time": "2021-12-31 00:00:00", "geometry_ref": "trace_39.6346_-4.04", "gas": "co2e_20yr", "emissions_quantity": 64000.0, "temporal_granularity": "annual", "activity": 71000, "activity_units": "MWh", "emissions_factor": 0.0, "emissions_factor_units": 0, "capacity": 74, "capacity_units": "MW", "capacity_factor": 0.11, "other1": "a", "other1_def": "capacity_factor_methodology", "other2": 0.0, "other2_def": "biomass_emissions", "other3": 0.0, "other3_def": "biomass_capacity", "other4": 0.0, "other4_def": "biomass_generation", "other5": 0.0, "other5_def": 0.0, "other6": 0.0, "other6_def": 0.0, "other7": 0.0, "other7_def": 0.0, "other8": 0.0, "other8_def": 0.0, "other9": 0.0, "other9_def": 0.0, "other10": 0.0, "other10_def": 0.0, "created_date": "2023-10-31 00:00:00", "modified_date": "2023-11-01 10:00:00"}}, {"type": "Feature", "geometry": {"type": "Point", "coordinates": [39.6346, -4.04]}, "properties": {"source_id": 25452816, "source_name": "Kipevu II (Tsavo)", "source_type": "oil", "iso3_country": "KEN", "sector": "power", "subsector": "electricity-generation", "start_time": "2021-01-01 00:00:00", "end_time": "2021-12-31 00:00:00", "geometry_ref": "trace_39.6346_-4.04", "gas": "n2o", "emissions_quantity": 0.0, "temporal_granularity": "annual", "activity": 71000, "activity_units": "MWh", "emissions_factor": 0.0, "emissions_factor_units": "field_not_modeled", "capacity": 74, "capacity_units": "MW", "capacity_factor": 0.11, "other1": "a", "other1_def": "capacity_factor_methodology", "other2": 0.0, "other2_def": "biomass_emissions", "other3": 0.0, "other3_def": "biomass_capacity", "other4": 0.0, "other4_def": "biomass_generation", "other5": 0.0, "other5_def": 0.0, "other6": 0.0, "other6_def": 0.0, "other7": 0.0, "other7_def": 0.0, "other8": 0.0, "other8_def": 0.0, "other9": 0.0, "other9_def": 0.0, "other10": 0.0, "other10_def": 0.0, "created_date": "2023-10-31 00:00:00", "modified_date": "2023-11-01 10:00:00"}}, {"type": "Feature", "geometry": {"type": "Point", "coordinates": [39.6346, -4.04]}, "properties": {"source_id": 25452816, "source_name": "Kipevu II (Tsavo)", "source_type": "oil", "iso3_country": "KEN", "sector": "power", "subsector": "electricity-generation", "start_time": "2022-01-01 00:00:00", "end_time": "2022-12-31 00:00:00", "geometry_ref": "trace_39.6346_-4.04", "gas": "ch4", "emissions_quantity": 0.0, "temporal_granularity": "annual", "activity": 92000, "activity_units": "MWh", "emissions_factor": 0.0, "emissions_factor_units": "field_not_modeled", "capacity": 74, "capacity_units": "MW", "capacity_factor": 0.142, "other1": "a", "other1_def": "capacity_factor_methodology", "other2": 0.0, "other2_def": "biomass_emissions", "other3": 0.0, "other3_def": "biomass_capacity", "other4": 0.0, "other4_def": "biomass_generation", "other5": 0.0, "other5_def": 0.0, "other6": 0.0, "other6_def": 0.0, "other7": 0.0, "other7_def": 0.0, "other8": 0.0, "other8_def": 0.0, "other9": 0.0, "other9_def": 0.0, "other10": 0.0, "other10_def": 0.0, "created_date": "2023-10-31 00:00:00", "modified_date": "2023-11-01 10:00:00"}}, {"type": "Feature", "geometry": {"type": "Point", "coordinates": [39.6346, -4.04]}, "properties": {"source_id": 25452816, "source_name": "Kipevu II (Tsavo)", "source_type": "oil", "iso3_country": "KEN", "sector": "power", "subsector": "electricity-generation", "start_time": "2022-01-01 00:00:00", "end_time": "2022-12-31 00:00:00", "geometry_ref": "trace_39.6346_-4.04", "gas": "co2", "emissions_quantity": 84000.0, "temporal_granularity": "annual", "activity": 92000, "activity_units": "MWh", "emissions_factor": 0.913, "emissions_factor_units": "T of CO2 per MWh", "capacity": 74, "capacity_units": "MW", "capacity_factor": 0.142, "other1": "a", "other1_def": "capacity_factor_methodology", "other2": 0.0, "other2_def": "biomass_emissions", "other3": 0.0, "other3_def": "biomass_capacity", "other4": 0.0, "other4_def": "biomass_generation", "other5": 0.0, "other5_def": 0.0, "other6": 0.0, "other6_def": 0.0, "other7": 0.0, "other7_def": 0.0, "other8": 0.0, "other8_def": 0.0, "other9": 0.0, "other9_def": 0.0, "other10": 0.0, "other10_def": 0.0, "created_date": "2023-10-31 00:00:00", "modified_date": "2023-11-01 10:00:00"}}, {"type": "Feature", "geometry": {"type": "Point", "coordinates": [39.6346, -4.04]}, "properties": {"source_id": 25452816, "source_name": "Kipevu II (Tsavo)", "source_type": "oil", "iso3_country": "KEN", "sector": "power", "subsector": "electricity-generation", "start_time": "2022-01-01 00:00:00", "end_time": "2022-12-31 00:00:00", "geometry_ref": "trace_39.6346_-4.04", "gas": "co2e_100yr", "emissions_quantity": 84000.0, "temporal_granularity": "annual", "activity": 92000, "activity_units": "MWh", "emissions_factor": 0.0, "emissions_factor_units": 0, "capacity": 74, "capacity_units": "MW", "capacity_factor": 0.142, "other1": "a", "other1_def": "capacity_factor_methodology", "other2": 0.0, "other2_def": "biomass_emissions", "other3": 0.0, "other3_def": "biomass_capacity", "other4": 0.0, "other4_def": "biomass_generation", "other5": 0.0, "other5_def": 0.0, "other6": 0.0, "other6_def": 0.0, "other7": 0.0, "other7_def": 0.0, "other8": 0.0, "other8_def": 0.0, "other9": 0.0, "other9_def": 0.0, "other10": 0.0, "other10_def": 0.0, "created_date": "2023-10-31 00:00:00", "modified_date": "2023-11-01 10:00:00"}}, {"type": "Feature", "geometry": {"type": "Point", "coordinates": [39.6346, -4.04]}, "properties": {"source_id": 25452816, "source_name": "Kipevu II (Tsavo)", "source_type": "oil", "iso3_country": "KEN", "sector": "power", "subsector": "electricity-generation", "start_time": "2022-01-01 00:00:00", "end_time": "2022-12-31 00:00:00", "geometry_ref": "trace_39.6346_-4.04", "gas": "co2e_20yr", "emissions_quantity": 84000.0, "temporal_granularity": "annual", "activity": 92000, "activity_units": "MWh", "emissions_factor": 0.0, "emissions_factor_units": 0, "capacity": 74, "capacity_units": "MW", "capacity_factor": 0.142, "other1": "a", "other1_def": "capacity_factor_methodology", "other2": 0.0, "other2_def": "biomass_emissions", "other3": 0.0, "other3_def": "biomass_capacity", "other4": 0.0, "other4_def": "biomass_generation", "other5": 0.0, "other5_def": 0.0, "other6": 0.0, "other6_def": 0.0, "other7": 0.0, "other7_def": 0.0, "other8": 0.0, "other8_def": 0.0, "other9": 0.0, "other9_def": 0.0, "other10": 0.0, "other10_def": 0.0, "created_date": "2023-10-31 00:00:00", "modified_date": "2023-11-01 10:00:00"}}, {"type": "Feature", "geometry": {"type": "Point", "coordinates": [39.6346, -4.04]}, "properties": {"source_id": 25452816, "source_name": "Kipevu II (Tsavo)", "source_type": "oil", "iso3_country": "KEN", "sector": "power", "subsector": "electricity-generation", "start_time": "2022-01-01 00:00:00", "end_time": "2022-12-31 00:00:00", "geometry_ref": "trace_39.6346_-4.04", "gas": "n2o", "emissions_quantity": 0.0, "temporal_granularity": "annual", "activity": 92000, "activity_units": "MWh", "emissions_factor": 0.0, "emissions_factor_units": "field_not_modeled", "capacity": 74, "capacity_units": "MW", "capacity_factor": 0.142, "other1": "a", "other1_def": "capacity_factor_methodology", "other2": 0.0, "other2_def": "biomass_emissions", "other3": 0.0, "other3_def": "biomass_capacity", "other4": 0.0, "other4_def": "biomass_generation", "other5": 0.0, "other5_def": 0.0, "other6": 0.0, "other6_def": 0.0, "other7": 0.0, "other7_def": 0.0, "other8": 0.0, "other8_def": 0.0, "other9": 0.0, "other9_def": 0.0, "other10": 0.0, "other10_def": 0.0, "created_date": "2023-10-31 00:00:00", "modified_date": "2023-11-01 10:00:00"}}, {"type": "Feature", "geometry": {"type": "Point", "coordinates": [39.6346, -4.04]}, "properties": {"source_id": 25452815, "source_name": "Kipevu II Tsavo power station", "source_type": "oil", "iso3_country": "KEN", "sector": "power", "subsector": "electricity-generation", "start_time": "2019-01-01 00:00:00", "end_time": "2019-12-31 00:00:00", "geometry_ref": "trace_39.6346_-4.04", "gas": "ch4", "emissions_quantity": 0.0, "temporal_granularity": "annual", "activity": 91000, "activity_units": "MWh", "emissions_factor": 0.0, "emissions_factor_units": "field_not_modeled", "capacity": 74, "capacity_units": "MW", "capacity_factor": 0.14, "other1": "a", "other1_def": "capacity_factor_methodology", "other2": 0.0, "other2_def": "biomass_emissions", "other3": 0.0, "other3_def": "biomass_capacity", "other4": 0.0, "other4_def": "biomass_generation", "other5": 0.0, "other5_def": 0.0, "other6": 0.0, "other6_def": 0.0, "other7": 0.0, "other7_def": 0.0, "other8": 0.0, "other8_def": 0.0, "other9": 0.0, "other9_def": 0.0, "other10": 0.0, "other10_def": 0.0, "created_date": "2023-10-31 00:00:00", "modified_date": "2023-11-01 10:00:00"}}, {"type": "Feature", "geometry": {"type": "Point", "coordinates": [39.6346, -4.04]}, "properties": {"source_id": 25452815, "source_name": "Kipevu II Tsavo power station", "source_type": "oil", "iso3_country": "KEN", "sector": "power", "subsector": "electricity-generation", "start_time": "2019-01-01 00:00:00", "end_time": "2019-12-31 00:00:00", "geometry_ref": "trace_39.6346_-4.04", "gas": "co2", "emissions_quantity": 82000.0, "temporal_granularity": "annual", "activity": 91000, "activity_units": "MWh", "emissions_factor": 0.901, "emissions_factor_units": "T of CO2 per MWh", "capacity": 74, "capacity_units": "MW", "capacity_factor": 0.14, "other1": "a", "other1_def": "capacity_factor_methodology", "other2": 0.0, "other2_def": "biomass_emissions", "other3": 0.0, "other3_def": "biomass_capacity", "other4": 0.0, "other4_def": "biomass_generation", "other5": 0.0, "other5_def": 0.0, "other6": 0.0, "other6_def": 0.0, "other7": 0.0, "other7_def": 0.0, "other8": 0.0, "other8_def": 0.0, "other9": 0.0, "other9_def": 0.0, "other10": 0.0, "other10_def": 0.0, "created_date": "2023-10-31 00:00:00", "modified_date": "2023-11-01 10:00:00"}}, {"type": "Feature", "geometry": {"type": "Point", "coordinates": [39.6346, -4.04]}, "properties": {"source_id": 25452815, "source_name": "Kipevu II Tsavo power station", "source_type": "oil", "iso3_country": "KEN", "sector": "power", "subsector": "electricity-generation", "start_time": "2019-01-01 00:00:00", "end_time": "2019-12-31 00:00:00", "geometry_ref": "trace_39.6346_-4.04", "gas": "co2e_100yr", "emissions_quantity": 82000.0, "temporal_granularity": "annual", "activity": 91000, "activity_units": "MWh", "emissions_factor": 0.0, "emissions_factor_units": 0, "capacity": 74, "capacity_units": "MW", "capacity_factor": 0.14, "other1": "a", "other1_def": "capacity_factor_methodology", "other2": 0.0, "other2_def": "biomass_emissions", "other3": 0.0, "other3_def": "biomass_capacity", "other4": 0.0, "other4_def": "biomass_generation", "other5": 0.0, "other5_def": 0.0, "other6": 0.0, "other6_def": 0.0, "other7": 0.0, "other7_def": 0.0, "other8": 0.0, "other8_def": 0.0, "other9": 0.0, "other9_def": 0.0, "other10": 0.0, "other10_def": 0.0, "created_date": "2023-10-31 00:00:00", "modified_date": "2023-11-01 10:00:00"}}, {"type": "Feature", "geometry": {"type": "Point", "coordinates": [39.6346, -4.04]}, "properties": {"source_id": 25452815, "source_name": "Kipevu II Tsavo power station", "source_type": "oil", "iso3_country": "KEN", "sector": "power", "subsector": "electricity-generation", "start_time": "2019-01-01 00:00:00", "end_time": "2019-12-31 00:00:00", "geometry_ref": "trace_39.6346_-4.04", "gas": "co2e_20yr", "emissions_quantity": 82000.0, "temporal_granularity": "annual", "activity": 91000, "activity_units": "MWh", "emissions_factor": 0.0, "emissions_factor_units": 0, "capacity": 74, "capacity_units": "MW", "capacity_factor": 0.14, "other1": "a", "other1_def": "capacity_factor_methodology", "other2": 0.0, "other2_def": "biomass_emissions", "other3": 0.0, "other3_def": "biomass_capacity", "other4": 0.0, "other4_def": "biomass_generation", "other5": 0.0, "other5_def": 0.0, "other6": 0.0, "other6_def": 0.0, "other7": 0.0, "other7_def": 0.0, "other8": 0.0, "other8_def": 0.0, "other9": 0.0, "other9_def": 0.0, "other10": 0.0, "other10_def": 0.0, "created_date": "2023-10-31 00:00:00", "modified_date": "2023-11-01 10:00:00"}}, {"type": "Feature", "geometry": {"type": "Point", "coordinates": [39.6346, -4.04]}, "properties": {"source_id": 25452815, "source_name": "Kipevu II Tsavo power station", "source_type": "oil", "iso3_country": "KEN", "sector": "power", "subsector": "electricity-generation", "start_time": "2019-01-01 00:00:00", "end_time": "2019-12-31 00:00:00", "geometry_ref": "trace_39.6346_-4.04", "gas": "n2o", "emissions_quantity": 0.0, "temporal_granularity": "annual", "activity": 91000, "activity_units": "MWh", "emissions_factor": 0.0, "emissions_factor_units": "field_not_modeled", "capacity": 74, "capacity_units": "MW", "capacity_factor": 0.14, "other1": "a", "other1_def": "capacity_factor_methodology", "other2": 0.0, "other2_def": "biomass_emissions", "other3": 0.0, "other3_def": "biomass_capacity", "other4": 0.0, "other4_def": "biomass_generation", "other5": 0.0, "other5_def": 0.0, "other6": 0.0, "other6_def": 0.0, "other7": 0.0, "other7_def": 0.0, "other8": 0.0, "other8_def": 0.0, "other9": 0.0, "other9_def": 0.0, "other10": 0.0, "other10_def": 0.0, "created_date": "2023-10-31 00:00:00", "modified_date": "2023-11-01 10:00:00"}}, {"type": "Feature", "geometry": {"type": "Point", "coordinates": [39.6346, -4.04]}, "properties": {"source_id": 25452815, "source_name": "Kipevu II Tsavo power station", "source_type": "oil", "iso3_country": "KEN", "sector": "power", "subsector": "electricity-generation", "start_time": "2020-01-01 00:00:00", "end_time": "2020-12-31 00:00:00", "geometry_ref": "trace_39.6346_-4.04", "gas": "ch4", "emissions_quantity": 0.0, "temporal_granularity": "annual", "activity": 66000, "activity_units": "MWh", "emissions_factor": 0.0, "emissions_factor_units": "field_not_modeled", "capacity": 74, "capacity_units": "MW", "capacity_factor": 0.102, "other1": "a", "other1_def": "capacity_factor_methodology", "other2": 0.0, "other2_def": "biomass_emissions", "other3": 0.0, "other3_def": "biomass_capacity", "other4": 0.0, "other4_def": "biomass_generation", "other5": 0.0, "other5_def": 0.0, "other6": 0.0, "other6_def": 0.0, "other7": 0.0, "other7_def": 0.0, "other8": 0.0, "other8_def": 0.0, "other9": 0.0, "other9_def": 0.0, "other10": 0.0, "other10_def": 0.0, "created_date": "2023-10-31 00:00:00", "modified_date": "2023-11-01 10:00:00"}}, {"type": "Feature", "geometry": {"type": "Point", "coordinates": [39.6346, -4.04]}, "properties": {"source_id": 25452815, "source_name": "Kipevu II Tsavo power station", "source_type": "oil", "iso3_country": "KEN", "sector": "power", "subsector": "electricity-generation", "start_time": "2020-01-01 00:00:00", "end_time": "2020-12-31 00:00:00", "geometry_ref": "trace_39.6346_-4.04", "gas": "co2", "emissions_quantity": 60000.0, "temporal_granularity": "annual", "activity": 66000, "activity_units": "MWh", "emissions_factor": 0.909, "emissions_factor_units": "T of CO2 per MWh", "capacity": 74, "capacity_units": "MW", "capacity_factor": 0.102, "other1": "a", "other1_def": "capacity_factor_methodology", "other2": 0.0, "other2_def": "biomass_emissions", "other3": 0.0, "other3_def": "biomass_capacity", "other4": 0.0, "other4_def": "biomass_generation", "other5": 0.0, "other5_def": 0.0, "other6": 0.0, "other6_def": 0.0, "other7": 0.0, "other7_def": 0.0, "other8": 0.0, "other8_def": 0.0, "other9": 0.0, "other9_def": 0.0, "other10": 0.0, "other10_def": 0.0, "created_date": "2023-10-31 00:00:00", "modified_date": "2023-11-01 10:00:00"}}, {"type": "Feature", "geometry": {"type": "Point", "coordinates": [39.6346, -4.04]}, "properties": {"source_id": 25452815, "source_name": "Kipevu II Tsavo power station", "source_type": "oil", "iso3_country": "KEN", "sector": "power", "subsector": "electricity-generation", "start_time": "2020-01-01 00:00:00", "end_time": "2020-12-31 00:00:00", "geometry_ref": "trace_39.6346_-4.04", "gas": "co2e_100yr", "emissions_quantity": 60000.0, "temporal_granularity": "annual", "activity": 66000, "activity_units": "MWh", "emissions_factor": 0.0, "emissions_factor_units": 0, "capacity": 74, "capacity_units": "MW", "capacity_factor": 0.102, "other1": "a", "other1_def": "capacity_factor_methodology", "other2": 0.0, "other2_def": "biomass_emissions", "other3": 0.0, "other3_def": "biomass_capacity", "other4": 0.0, "other4_def": "biomass_generation", "other5": 0.0, "other5_def": 0.0, "other6": 0.0, "other6_def": 0.0, "other7": 0.0, "other7_def": 0.0, "other8": 0.0, "other8_def": 0.0, "other9": 0.0, "other9_def": 0.0, "other10": 0.0, "other10_def": 0.0, "created_date": "2023-10-31 00:00:00", "modified_date": "2023-11-01 10:00:00"}}, {"type": "Feature", "geometry": {"type": "Point", "coordinates": [39.6346, -4.04]}, "properties": {"source_id": 25452815, "source_name": "Kipevu II Tsavo power station", "source_type": "oil", "iso3_country": "KEN", "sector": "power", "subsector": "electricity-generation", "start_time": "2020-01-01 00:00:00", "end_time": "2020-12-31 00:00:00", "geometry_ref": "trace_39.6346_-4.04", "gas": "co2e_20yr", "emissions_quantity": 60000.0, "temporal_granularity": "annual", "activity": 66000, "activity_units": "MWh", "emissions_factor": 0.0, "emissions_factor_units": 0, "capacity": 74, "capacity_units": "MW", "capacity_factor": 0.102, "other1": "a", "other1_def": "capacity_factor_methodology", "other2": 0.0, "other2_def": "biomass_emissions", "other3": 0.0, "other3_def": "biomass_capacity", "other4": 0.0, "other4_def": "biomass_generation", "other5": 0.0, "other5_def": 0.0, "other6": 0.0, "other6_def": 0.0, "other7": 0.0, "other7_def": 0.0, "other8": 0.0, "other8_def": 0.0, "other9": 0.0, "other9_def": 0.0, "other10": 0.0, "other10_def": 0.0, "created_date": "2023-10-31 00:00:00", "modified_date": "2023-11-01 10:00:00"}}, {"type": "Feature", "geometry": {"type": "Point", "coordinates": [39.6346, -4.04]}, "properties": {"source_id": 25452815, "source_name": "Kipevu II Tsavo power station", "source_type": "oil", "iso3_country": "KEN", "sector": "power", "subsector": "electricity-generation", "start_time": "2020-01-01 00:00:00", "end_time": "2020-12-31 00:00:00", "geometry_ref": "trace_39.6346_-4.04", "gas": "n2o", "emissions_quantity": 0.0, "temporal_granularity": "annual", "activity": 66000, "activity_units": "MWh", "emissions_factor": 0.0, "emissions_factor_units": "field_not_modeled", "capacity": 74, "capacity_units": "MW", "capacity_factor": 0.102, "other1": "a", "other1_def": "capacity_factor_methodology", "other2": 0.0, "other2_def": "biomass_emissions", "other3": 0.0, "other3_def": "biomass_capacity", "other4": 0.0, "other4_def": "biomass_generation", "other5": 0.0, "other5_def": 0.0, "other6": 0.0, "other6_def": 0.0, "other7": 0.0, "other7_def": 0.0, "other8": 0.0, "other8_def": 0.0, "other9": 0.0, "other9_def": 0.0, "other10": 0.0, "other10_def": 0.0, "created_date": "2023-10-31 00:00:00", "modified_date": "2023-11-01 10:00:00"}}, {"type": "Feature", "geometry": {"type": "Point", "coordinates": [39.6335, -4.0379]}, "properties": {"source_id": 25454353, "source_name": "Kipevu III power station", "source_type": "oil", "iso3_country": "KEN", "sector": "power", "subsector": "electricity-generation", "start_time": "2019-01-01 00:00:00", "end_time": "2019-12-31 00:00:00", "geometry_ref": "trace_39.6335_-4.0379", "gas": "ch4", "emissions_quantity": 0.0, "temporal_granularity": "annual", "activity": 143000, "activity_units": "MWh", "emissions_factor": 0.0, "emissions_factor_units": "field_not_modeled", "capacity": 117, "capacity_units": "MW", "capacity_factor": 0.14, "other1": "a", "other1_def": "capacity_factor_methodology", "other2": 0.0, "other2_def": "biomass_emissions", "other3": 0.0, "other3_def": "biomass_capacity", "other4": 0.0, "other4_def": "biomass_generation", "other5": 0.0, "other5_def": 0.0, "other6": 0.0, "other6_def": 0.0, "other7": 0.0, "other7_def": 0.0, "other8": 0.0, "other8_def": 0.0, "other9": 0.0, "other9_def": 0.0, "other10": 0.0, "other10_def": 0.0, "created_date": "2023-10-31 00:00:00", "modified_date": "2023-11-01 10:00:00"}}, {"type": "Feature", "geometry": {"type": "Point", "coordinates": [39.6335, -4.0379]}, "properties": {"source_id": 25454353, "source_name": "Kipevu III power station", "source_type": "oil", "iso3_country": "KEN", "sector": "power", "subsector": "electricity-generation", "start_time": "2019-01-01 00:00:00", "end_time": "2019-12-31 00:00:00", "geometry_ref": "trace_39.6335_-4.0379", "gas": "co2", "emissions_quantity": 130000.0, "temporal_granularity": "annual", "activity": 143000, "activity_units": "MWh", "emissions_factor": 0.909, "emissions_factor_units": "T of CO2 per MWh", "capacity": 117, "capacity_units": "MW", "capacity_factor": 0.14, "other1": "a", "other1_def": "capacity_factor_methodology", "other2": 0.0, "other2_def": "biomass_emissions", "other3": 0.0, "other3_def": "biomass_capacity", "other4": 0.0, "other4_def": "biomass_generation", "other5": 0.0, "other5_def": 0.0, "other6": 0.0, "other6_def": 0.0, "other7": 0.0, "other7_def": 0.0, "other8": 0.0, "other8_def": 0.0, "other9": 0.0, "other9_def": 0.0, "other10": 0.0, "other10_def": 0.0, "created_date": "2023-10-31 00:00:00", "modified_date": "2023-11-01 10:00:00"}}, {"type": "Feature", "geometry": {"type": "Point", "coordinates": [39.6335, -4.0379]}, "properties": {"source_id": 25454353, "source_name": "Kipevu III power station", "source_type": "oil", "iso3_country": "KEN", "sector": "power", "subsector": "electricity-generation", "start_time": "2019-01-01 00:00:00", "end_time": "2019-12-31 00:00:00", "geometry_ref": "trace_39.6335_-4.0379", "gas": "co2e_100yr", "emissions_quantity": 130000.0, "temporal_granularity": "annual", "activity": 143000, "activity_units": "MWh", "emissions_factor": 0.0, "emissions_factor_units": 0, "capacity": 117, "capacity_units": "MW", "capacity_factor": 0.14, "other1": "a", "other1_def": "capacity_factor_methodology", "other2": 0.0, "other2_def": "biomass_emissions", "other3": 0.0, "other3_def": "biomass_capacity", "other4": 0.0, "other4_def": "biomass_generation", "other5": 0.0, "other5_def": 0.0, "other6": 0.0, "other6_def": 0.0, "other7": 0.0, "other7_def": 0.0, "other8": 0.0, "other8_def": 0.0, "other9": 0.0, "other9_def": 0.0, "other10": 0.0, "other10_def": 0.0, "created_date": "2023-10-31 00:00:00", "modified_date": "2023-11-01 10:00:00"}}, {"type": "Feature", "geometry": {"type": "Point", "coordinates": [39.6335, -4.0379]}, "properties": {"source_id": 25454353, "source_name": "Kipevu III power station", "source_type": "oil", "iso3_country": "KEN", "sector": "power", "subsector": "electricity-generation", "start_time": "2019-01-01 00:00:00", "end_time": "2019-12-31 00:00:00", "geometry_ref": "trace_39.6335_-4.0379", "gas": "co2e_20yr", "emissions_quantity": 130000.0, "temporal_granularity": "annual", "activity": 143000, "activity_units": "MWh", "emissions_factor": 0.0, "emissions_factor_units": 0, "capacity": 117, "capacity_units": "MW", "capacity_factor": 0.14, "other1": "a", "other1_def": "capacity_factor_methodology", "other2": 0.0, "other2_def": "biomass_emissions", "other3": 0.0, "other3_def": "biomass_capacity", "other4": 0.0, "other4_def": "biomass_generation", "other5": 0.0, "other5_def": 0.0, "other6": 0.0, "other6_def": 0.0, "other7": 0.0, "other7_def": 0.0, "other8": 0.0, "other8_def": 0.0, "other9": 0.0, "other9_def": 0.0, "other10": 0.0, "other10_def": 0.0, "created_date": "2023-10-31 00:00:00", "modified_date": "2023-11-01 10:00:00"}}, {"type": "Feature", "geometry": {"type": "Point", "coordinates": [39.6335, -4.0379]}, "properties": {"source_id": 25454353, "source_name": "Kipevu III power station", "source_type": "oil", "iso3_country": "KEN", "sector": "power", "subsector": "electricity-generation", "start_time": "2019-01-01 00:00:00", "end_time": "2019-12-31 00:00:00", "geometry_ref": "trace_39.6335_-4.0379", "gas": "n2o", "emissions_quantity": 0.0, "temporal_granularity": "annual", "activity": 143000, "activity_units": "MWh", "emissions_factor": 0.0, "emissions_factor_units": "field_not_modeled", "capacity": 117, "capacity_units": "MW", "capacity_factor": 0.14, "other1": "a", "other1_def": "capacity_factor_methodology", "other2": 0.0, "other2_def": "biomass_emissions", "other3": 0.0, "other3_def": "biomass_capacity", "other4": 0.0, "other4_def": "biomass_generation", "other5": 0.0, "other5_def": 0.0, "other6": 0.0, "other6_def": 0.0, "other7": 0.0, "other7_def": 0.0, "other8": 0.0, "other8_def": 0.0, "other9": 0.0, "other9_def": 0.0, "other10": 0.0, "other10_def": 0.0, "created_date": "2023-10-31 00:00:00", "modified_date": "2023-11-01 10:00:00"}}, {"type": "Feature", "geometry": {"type": "Point", "coordinates": [39.6335, -4.0379]}, "properties": {"source_id": 25454353, "source_name": "Kipevu III power station", "source_type": "oil", "iso3_country": "KEN", "sector": "power", "subsector": "electricity-generation", "start_time": "2020-01-01 00:00:00", "end_time": "2020-12-31 00:00:00", "geometry_ref": "trace_39.6335_-4.0379", "gas": "ch4", "emissions_quantity": 0.0, "temporal_granularity": "annual", "activity": 105000, "activity_units": "MWh", "emissions_factor": 0.0, "emissions_factor_units": "field_not_modeled", "capacity": 117, "capacity_units": "MW", "capacity_factor": 0.102, "other1": "a", "other1_def": "capacity_factor_methodology", "other2": 0.0, "other2_def": "biomass_emissions", "other3": 0.0, "other3_def": "biomass_capacity", "other4": 0.0, "other4_def": "biomass_generation", "other5": 0.0, "other5_def": 0.0, "other6": 0.0, "other6_def": 0.0, "other7": 0.0, "other7_def": 0.0, "other8": 0.0, "other8_def": 0.0, "other9": 0.0, "other9_def": 0.0, "other10": 0.0, "other10_def": 0.0, "created_date": "2023-10-31 00:00:00", "modified_date": "2023-11-01 10:00:00"}}, {"type": "Feature", "geometry": {"type": "Point", "coordinates": [39.6335, -4.0379]}, "properties": {"source_id": 25454353, "source_name": "Kipevu III power station", "source_type": "oil", "iso3_country": "KEN", "sector": "power", "subsector": "electricity-generation", "start_time": "2020-01-01 00:00:00", "end_time": "2020-12-31 00:00:00", "geometry_ref": "trace_39.6335_-4.0379", "gas": "co2", "emissions_quantity": 95000.0, "temporal_granularity": "annual", "activity": 105000, "activity_units": "MWh", "emissions_factor": 0.905, "emissions_factor_units": "T of CO2 per MWh", "capacity": 117, "capacity_units": "MW", "capacity_factor": 0.102, "other1": "a", "other1_def": "capacity_factor_methodology", "other2": 0.0, "other2_def": "biomass_emissions", "other3": 0.0, "other3_def": "biomass_capacity", "other4": 0.0, "other4_def": "biomass_generation", "other5": 0.0, "other5_def": 0.0, "other6": 0.0, "other6_def": 0.0, "other7": 0.0, "other7_def": 0.0, "other8": 0.0, "other8_def": 0.0, "other9": 0.0, "other9_def": 0.0, "other10": 0.0, "other10_def": 0.0, "created_date": "2023-10-31 00:00:00", "modified_date": "2023-11-01 10:00:00"}}, {"type": "Feature", "geometry": {"type": "Point", "coordinates": [39.6335, -4.0379]}, "properties": {"source_id": 25454353, "source_name": "Kipevu III power station", "source_type": "oil", "iso3_country": "KEN", "sector": "power", "subsector": "electricity-generation", "start_time": "2020-01-01 00:00:00", "end_time": "2020-12-31 00:00:00", "geometry_ref": "trace_39.6335_-4.0379", "gas": "co2e_100yr", "emissions_quantity": 95000.0, "temporal_granularity": "annual", "activity": 105000, "activity_units": "MWh", "emissions_factor": 0.0, "emissions_factor_units": 0, "capacity": 117, "capacity_units": "MW", "capacity_factor": 0.102, "other1": "a", "other1_def": "capacity_factor_methodology", "other2": 0.0, "other2_def": "biomass_emissions", "other3": 0.0, "other3_def": "biomass_capacity", "other4": 0.0, "other4_def": "biomass_generation", "other5": 0.0, "other5_def": 0.0, "other6": 0.0, "other6_def": 0.0, "other7": 0.0, "other7_def": 0.0, "other8": 0.0, "other8_def": 0.0, "other9": 0.0, "other9_def": 0.0, "other10": 0.0, "other10_def": 0.0, "created_date": "2023-10-31 00:00:00", "modified_date": "2023-11-01 10:00:00"}}, {"type": "Feature", "geometry": {"type": "Point", "coordinates": [39.6335, -4.0379]}, "properties": {"source_id": 25454353, "source_name": "Kipevu III power station", "source_type": "oil", "iso3_country": "KEN", "sector": "power", "subsector": "electricity-generation", "start_time": "2020-01-01 00:00:00", "end_time": "2020-12-31 00:00:00", "geometry_ref": "trace_39.6335_-4.0379", "gas": "co2e_20yr", "emissions_quantity": 95000.0, "temporal_granularity": "annual", "activity": 105000, "activity_units": "MWh", "emissions_factor": 0.0, "emissions_factor_units": 0, "capacity": 117, "capacity_units": "MW", "capacity_factor": 0.102, "other1": "a", "other1_def": "capacity_factor_methodology", "other2": 0.0, "other2_def": "biomass_emissions", "other3": 0.0, "other3_def": "biomass_capacity", "other4": 0.0, "other4_def": "biomass_generation", "other5": 0.0, "other5_def": 0.0, "other6": 0.0, "other6_def": 0.0, "other7": 0.0, "other7_def": 0.0, "other8": 0.0, "other8_def": 0.0, "other9": 0.0, "other9_def": 0.0, "other10": 0.0, "other10_def": 0.0, "created_date": "2023-10-31 00:00:00", "modified_date": "2023-11-01 10:00:00"}}, {"type": "Feature", "geometry": {"type": "Point", "coordinates": [39.6335, -4.0379]}, "properties": {"source_id": 25454353, "source_name": "Kipevu III power station", "source_type": "oil", "iso3_country": "KEN", "sector": "power", "subsector": "electricity-generation", "start_time": "2020-01-01 00:00:00", "end_time": "2020-12-31 00:00:00", "geometry_ref": "trace_39.6335_-4.0379", "gas": "n2o", "emissions_quantity": 0.0, "temporal_granularity": "annual", "activity": 105000, "activity_units": "MWh", "emissions_factor": 0.0, "emissions_factor_units": "field_not_modeled", "capacity": 117, "capacity_units": "MW", "capacity_factor": 0.102, "other1": "a", "other1_def": "capacity_factor_methodology", "other2": 0.0, "other2_def": "biomass_emissions", "other3": 0.0, "other3_def": "biomass_capacity", "other4": 0.0, "other4_def": "biomass_generation", "other5": 0.0, "other5_def": 0.0, "other6": 0.0, "other6_def": 0.0, "other7": 0.0, "other7_def": 0.0, "other8": 0.0, "other8_def": 0.0, "other9": 0.0, "other9_def": 0.0, "other10": 0.0, "other10_def": 0.0, "created_date": "2023-10-31 00:00:00", "modified_date": "2023-11-01 10:00:00"}}, {"type": "Feature", "geometry": {"type": "Point", "coordinates": [39.6335, -4.0379]}, "properties": {"source_id": 25454353, "source_name": "Kipevu III power station", "source_type": "oil", "iso3_country": "KEN", "sector": "power", "subsector": "electricity-generation", "start_time": "2021-01-01 00:00:00", "end_time": "2021-12-31 00:00:00", "geometry_ref": "trace_39.6335_-4.0379", "gas": "ch4", "emissions_quantity": 0.0, "temporal_granularity": "annual", "activity": 112000, "activity_units": "MWh", "emissions_factor": 0.0, "emissions_factor_units": "field_not_modeled", "capacity": 117, "capacity_units": "MW", "capacity_factor": 0.109, "other1": "a", "other1_def": "capacity_factor_methodology", "other2": 0.0, "other2_def": "biomass_emissions", "other3": 0.0, "other3_def": "biomass_capacity", "other4": 0.0, "other4_def": "biomass_generation", "other5": 0.0, "other5_def": 0.0, "other6": 0.0, "other6_def": 0.0, "other7": 0.0, "other7_def": 0.0, "other8": 0.0, "other8_def": 0.0, "other9": 0.0, "other9_def": 0.0, "other10": 0.0, "other10_def": 0.0, "created_date": "2023-10-31 00:00:00", "modified_date": "2023-11-01 10:00:00"}}, {"type": "Feature", "geometry": {"type": "Point", "coordinates": [39.6335, -4.0379]}, "properties": {"source_id": 25454353, "source_name": "Kipevu III power station", "source_type": "oil", "iso3_country": "KEN", "sector": "power", "subsector": "electricity-generation", "start_time": "2021-01-01 00:00:00", "end_time": "2021-12-31 00:00:00", "geometry_ref": "trace_39.6335_-4.0379", "gas": "co2", "emissions_quantity": 102000.0, "temporal_granularity": "annual", "activity": 112000, "activity_units": "MWh", "emissions_factor": 0.911, "emissions_factor_units": "T of CO2 per MWh", "capacity": 117, "capacity_units": "MW", "capacity_factor": 0.109, "other1": "a", "other1_def": "capacity_factor_methodology", "other2": 0.0, "other2_def": "biomass_emissions", "other3": 0.0, "other3_def": "biomass_capacity", "other4": 0.0, "other4_def": "biomass_generation", "other5": 0.0, "other5_def": 0.0, "other6": 0.0, "other6_def": 0.0, "other7": 0.0, "other7_def": 0.0, "other8": 0.0, "other8_def": 0.0, "other9": 0.0, "other9_def": 0.0, "other10": 0.0, "other10_def": 0.0, "created_date": "2023-10-31 00:00:00", "modified_date": "2023-11-01 10:00:00"}}, {"type": "Feature", "geometry": {"type": "Point", "coordinates": [39.6335, -4.0379]}, "properties": {"source_id": 25454353, "source_name": "Kipevu III power station", "source_type": "oil", "iso3_country": "KEN", "sector": "power", "subsector": "electricity-generation", "start_time": "2021-01-01 00:00:00", "end_time": "2021-12-31 00:00:00", "geometry_ref": "trace_39.6335_-4.0379", "gas": "co2e_100yr", "emissions_quantity": 102000.0, "temporal_granularity": "annual", "activity": 112000, "activity_units": "MWh", "emissions_factor": 0.0, "emissions_factor_units": 0, "capacity": 117, "capacity_units": "MW", "capacity_factor": 0.109, "other1": "a", "other1_def": "capacity_factor_methodology", "other2": 0.0, "other2_def": "biomass_emissions", "other3": 0.0, "other3_def": "biomass_capacity", "other4": 0.0, "other4_def": "biomass_generation", "other5": 0.0, "other5_def": 0.0, "other6": 0.0, "other6_def": 0.0, "other7": 0.0, "other7_def": 0.0, "other8": 0.0, "other8_def": 0.0, "other9": 0.0, "other9_def": 0.0, "other10": 0.0, "other10_def": 0.0, "created_date": "2023-10-31 00:00:00", "modified_date": "2023-11-01 10:00:00"}}, {"type": "Feature", "geometry": {"type": "Point", "coordinates": [39.6335, -4.0379]}, "properties": {"source_id": 25454353, "source_name": "Kipevu III power station", "source_type": "oil", "iso3_country": "KEN", "sector": "power", "subsector": "electricity-generation", "start_time": "2021-01-01 00:00:00", "end_time": "2021-12-31 00:00:00", "geometry_ref": "trace_39.6335_-4.0379", "gas": "co2e_20yr", "emissions_quantity": 102000.0, "temporal_granularity": "annual", "activity": 112000, "activity_units": "MWh", "emissions_factor": 0.0, "emissions_factor_units": 0, "capacity": 117, "capacity_units": "MW", "capacity_factor": 0.109, "other1": "a", "other1_def": "capacity_factor_methodology", "other2": 0.0, "other2_def": "biomass_emissions", "other3": 0.0, "other3_def": "biomass_capacity", "other4": 0.0, "other4_def": "biomass_generation", "other5": 0.0, "other5_def": 0.0, "other6": 0.0, "other6_def": 0.0, "other7": 0.0, "other7_def": 0.0, "other8": 0.0, "other8_def": 0.0, "other9": 0.0, "other9_def": 0.0, "other10": 0.0, "other10_def": 0.0, "created_date": "2023-10-31 00:00:00", "modified_date": "2023-11-01 10:00:00"}}, {"type": "Feature", "geometry": {"type": "Point", "coordinates": [39.6335, -4.0379]}, "properties": {"source_id": 25454353, "source_name": "Kipevu III power station", "source_type": "oil", "iso3_country": "KEN", "sector": "power", "subsector": "electricity-generation", "start_time": "2021-01-01 00:00:00", "end_time": "2021-12-31 00:00:00", "geometry_ref": "trace_39.6335_-4.0379", "gas": "n2o", "emissions_quantity": 0.0, "temporal_granularity": "annual", "activity": 112000, "activity_units": "MWh", "emissions_factor": 0.0, "emissions_factor_units": "field_not_modeled", "capacity": 117, "capacity_units": "MW", "capacity_factor": 0.109, "other1": "a", "other1_def": "capacity_factor_methodology", "other2": 0.0, "other2_def": "biomass_emissions", "other3": 0.0, "other3_def": "biomass_capacity", "other4": 0.0, "other4_def": "biomass_generation", "other5": 0.0, "other5_def": 0.0, "other6": 0.0, "other6_def": 0.0, "other7": 0.0, "other7_def": 0.0, "other8": 0.0, "other8_def": 0.0, "other9": 0.0, "other9_def": 0.0, "other10": 0.0, "other10_def": 0.0, "created_date": "2023-10-31 00:00:00", "modified_date": "2023-11-01 10:00:00"}}, {"type": "Feature", "geometry": {"type": "Point", "coordinates": [39.6335, -4.0379]}, "properties": {"source_id": 25454353, "source_name": "Kipevu III power station", "source_type": "oil", "iso3_country": "KEN", "sector": "power", "subsector": "electricity-generation", "start_time": "2022-01-01 00:00:00", "end_time": "2022-12-31 00:00:00", "geometry_ref": "trace_39.6335_-4.0379", "gas": "ch4", "emissions_quantity": 0.0, "temporal_granularity": "annual", "activity": 146000, "activity_units": "MWh", "emissions_factor": 0.0, "emissions_factor_units": "field_not_modeled", "capacity": 117, "capacity_units": "MW", "capacity_factor": 0.142, "other1": "a", "other1_def": "capacity_factor_methodology", "other2": 0.0, "other2_def": "biomass_emissions", "other3": 0.0, "other3_def": "biomass_capacity", "other4": 0.0, "other4_def": "biomass_generation", "other5": 0.0, "other5_def": 0.0, "other6": 0.0, "other6_def": 0.0, "other7": 0.0, "other7_def": 0.0, "other8": 0.0, "other8_def": 0.0, "other9": 0.0, "other9_def": 0.0, "other10": 0.0, "other10_def": 0.0, "created_date": "2023-10-31 00:00:00", "modified_date": "2023-11-01 10:00:00"}}, {"type": "Feature", "geometry": {"type": "Point", "coordinates": [39.6335, -4.0379]}, "properties": {"source_id": 25454353, "source_name": "Kipevu III power station", "source_type": "oil", "iso3_country": "KEN", "sector": "power", "subsector": "electricity-generation", "start_time": "2022-01-01 00:00:00", "end_time": "2022-12-31 00:00:00", "geometry_ref": "trace_39.6335_-4.0379", "gas": "co2", "emissions_quantity": 132000.0, "temporal_granularity": "annual", "activity": 146000, "activity_units": "MWh", "emissions_factor": 0.904, "emissions_factor_units": "T of CO2 per MWh", "capacity": 117, "capacity_units": "MW", "capacity_factor": 0.142, "other1": "a", "other1_def": "capacity_factor_methodology", "other2": 0.0, "other2_def": "biomass_emissions", "other3": 0.0, "other3_def": "biomass_capacity", "other4": 0.0, "other4_def": "biomass_generation", "other5": 0.0, "other5_def": 0.0, "other6": 0.0, "other6_def": 0.0, "other7": 0.0, "other7_def": 0.0, "other8": 0.0, "other8_def": 0.0, "other9": 0.0, "other9_def": 0.0, "other10": 0.0, "other10_def": 0.0, "created_date": "2023-10-31 00:00:00", "modified_date": "2023-11-01 10:00:00"}}, {"type": "Feature", "geometry": {"type": "Point", "coordinates": [39.6335, -4.0379]}, "properties": {"source_id": 25454353, "source_name": "Kipevu III power station", "source_type": "oil", "iso3_country": "KEN", "sector": "power", "subsector": "electricity-generation", "start_time": "2022-01-01 00:00:00", "end_time": "2022-12-31 00:00:00", "geometry_ref": "trace_39.6335_-4.0379", "gas": "co2e_100yr", "emissions_quantity": 132000.0, "temporal_granularity": "annual", "activity": 146000, "activity_units": "MWh", "emissions_factor": 0.0, "emissions_factor_units": 0, "capacity": 117, "capacity_units": "MW", "capacity_factor": 0.142, "other1": "a", "other1_def": "capacity_factor_methodology", "other2": 0.0, "other2_def": "biomass_emissions", "other3": 0.0, "other3_def": "biomass_capacity", "other4": 0.0, "other4_def": "biomass_generation", "other5": 0.0, "other5_def": 0.0, "other6": 0.0, "other6_def": 0.0, "other7": 0.0, "other7_def": 0.0, "other8": 0.0, "other8_def": 0.0, "other9": 0.0, "other9_def": 0.0, "other10": 0.0, "other10_def": 0.0, "created_date": "2023-10-31 00:00:00", "modified_date": "2023-11-01 10:00:00"}}, {"type": "Feature", "geometry": {"type": "Point", "coordinates": [39.6335, -4.0379]}, "properties": {"source_id": 25454353, "source_name": "Kipevu III power station", "source_type": "oil", "iso3_country": "KEN", "sector": "power", "subsector": "electricity-generation", "start_time": "2022-01-01 00:00:00", "end_time": "2022-12-31 00:00:00", "geometry_ref": "trace_39.6335_-4.0379", "gas": "co2e_20yr", "emissions_quantity": 132000.0, "temporal_granularity": "annual", "activity": 146000, "activity_units": "MWh", "emissions_factor": 0.0, "emissions_factor_units": 0, "capacity": 117, "capacity_units": "MW", "capacity_factor": 0.142, "other1": "a", "other1_def": "capacity_factor_methodology", "other2": 0.0, "other2_def": "biomass_emissions", "other3": 0.0, "other3_def": "biomass_capacity", "other4": 0.0, "other4_def": "biomass_generation", "other5": 0.0, "other5_def": 0.0, "other6": 0.0, "other6_def": 0.0, "other7": 0.0, "other7_def": 0.0, "other8": 0.0, "other8_def": 0.0, "other9": 0.0, "other9_def": 0.0, "other10": 0.0, "other10_def": 0.0, "created_date": "2023-10-31 00:00:00", "modified_date": "2023-11-01 10:00:00"}}, {"type": "Feature", "geometry": {"type": "Point", "coordinates": [39.6335, -4.0379]}, "properties": {"source_id": 25454353, "source_name": "Kipevu III power station", "source_type": "oil", "iso3_country": "KEN", "sector": "power", "subsector": "electricity-generation", "start_time": "2022-01-01 00:00:00", "end_time": "2022-12-31 00:00:00", "geometry_ref": "trace_39.6335_-4.0379", "gas": "n2o", "emissions_quantity": 0.0, "temporal_granularity": "annual", "activity": 146000, "activity_units": "MWh", "emissions_factor": 0.0, "emissions_factor_units": "field_not_modeled", "capacity": 117, "capacity_units": "MW", "capacity_factor": 0.142, "other1": "a", "other1_def": "capacity_factor_methodology", "other2": 0.0, "other2_def": "biomass_emissions", "other3": 0.0, "other3_def": "biomass_capacity", "other4": 0.0, "other4_def": "biomass_generation", "other5": 0.0, "other5_def": 0.0, "other6": 0.0, "other6_def": 0.0, "other7": 0.0, "other7_def": 0.0, "other8": 0.0, "other8_def": 0.0, "other9": 0.0, "other9_def": 0.0, "other10": 0.0, "other10_def": 0.0, "created_date": "2023-10-31 00:00:00", "modified_date": "2023-11-01 10:00:00"}}, {"type": "Feature", "geometry": {"type": "Point", "coordinates": [39.5627, -3.9334]}, "properties": {"source_id": 25453871, "source_name": "Rabai power station", "source_type": "oil, other_fossil", "iso3_country": "KEN", "sector": "power", "subsector": "electricity-generation", "start_time": "2019-01-01 00:00:00", "end_time": "2019-12-31 00:00:00", "geometry_ref": "trace_39.5627_-3.9334", "gas": "ch4", "emissions_quantity": 0.0, "temporal_granularity": "annual", "activity": 114000, "activity_units": "MWh", "emissions_factor": 0.0, "emissions_factor_units": "field_not_modeled", "capacity": 93, "capacity_units": "MW", "capacity_factor": 0.14, "other1": "a", "other1_def": "capacity_factor_methodology", "other2": 0.0, "other2_def": "biomass_emissions", "other3": 0.0, "other3_def": "biomass_capacity", "other4": 0.0, "other4_def": "biomass_generation", "other5": 0.0, "other5_def": 0.0, "other6": 0.0, "other6_def": 0.0, "other7": 0.0, "other7_def": 0.0, "other8": 0.0, "other8_def": 0.0, "other9": 0.0, "other9_def": 0.0, "other10": 0.0, "other10_def": 0.0, "created_date": "2023-10-31 00:00:00", "modified_date": "2023-11-01 10:00:00"}}, {"type": "Feature", "geometry": {"type": "Point", "coordinates": [39.5627, -3.9334]}, "properties": {"source_id": 25453871, "source_name": "Rabai power station", "source_type": "oil, other_fossil", "iso3_country": "KEN", "sector": "power", "subsector": "electricity-generation", "start_time": "2019-01-01 00:00:00", "end_time": "2019-12-31 00:00:00", "geometry_ref": "trace_39.5627_-3.9334", "gas": "co2", "emissions_quantity": 105000.0, "temporal_granularity": "annual", "activity": 114000, "activity_units": "MWh", "emissions_factor": 0.921, "emissions_factor_units": "T of CO2 per MWh", "capacity": 93, "capacity_units": "MW", "capacity_factor": 0.14, "other1": "a", "other1_def": "capacity_factor_methodology", "other2": 0.0, "other2_def": "biomass_emissions", "other3": 0.0, "other3_def": "biomass_capacity", "other4": 0.0, "other4_def": "biomass_generation", "other5": 0.0, "other5_def": 0.0, "other6": 0.0, "other6_def": 0.0, "other7": 0.0, "other7_def": 0.0, "other8": 0.0, "other8_def": 0.0, "other9": 0.0, "other9_def": 0.0, "other10": 0.0, "other10_def": 0.0, "created_date": "2023-10-31 00:00:00", "modified_date": "2023-11-01 10:00:00"}}, {"type": "Feature", "geometry": {"type": "Point", "coordinates": [39.5627, -3.9334]}, "properties": {"source_id": 25453871, "source_name": "Rabai power station", "source_type": "oil, other_fossil", "iso3_country": "KEN", "sector": "power", "subsector": "electricity-generation", "start_time": "2019-01-01 00:00:00", "end_time": "2019-12-31 00:00:00", "geometry_ref": "trace_39.5627_-3.9334", "gas": "co2e_100yr", "emissions_quantity": 105000.0, "temporal_granularity": "annual", "activity": 114000, "activity_units": "MWh", "emissions_factor": 0.0, "emissions_factor_units": 0, "capacity": 93, "capacity_units": "MW", "capacity_factor": 0.14, "other1": "a", "other1_def": "capacity_factor_methodology", "other2": 0.0, "other2_def": "biomass_emissions", "other3": 0.0, "other3_def": "biomass_capacity", "other4": 0.0, "other4_def": "biomass_generation", "other5": 0.0, "other5_def": 0.0, "other6": 0.0, "other6_def": 0.0, "other7": 0.0, "other7_def": 0.0, "other8": 0.0, "other8_def": 0.0, "other9": 0.0, "other9_def": 0.0, "other10": 0.0, "other10_def": 0.0, "created_date": "2023-10-31 00:00:00", "modified_date": "2023-11-01 10:00:00"}}, {"type": "Feature", "geometry": {"type": "Point", "coordinates": [39.5627, -3.9334]}, "properties": {"source_id": 25453871, "source_name": "Rabai power station", "source_type": "oil, other_fossil", "iso3_country": "KEN", "sector": "power", "subsector": "electricity-generation", "start_time": "2019-01-01 00:00:00", "end_time": "2019-12-31 00:00:00", "geometry_ref": "trace_39.5627_-3.9334", "gas": "co2e_20yr", "emissions_quantity": 105000.0, "temporal_granularity": "annual", "activity": 114000, "activity_units": "MWh", "emissions_factor": 0.0, "emissions_factor_units": 0, "capacity": 93, "capacity_units": "MW", "capacity_factor": 0.14, "other1": "a", "other1_def": "capacity_factor_methodology", "other2": 0.0, "other2_def": "biomass_emissions", "other3": 0.0, "other3_def": "biomass_capacity", "other4": 0.0, "other4_def": "biomass_generation", "other5": 0.0, "other5_def": 0.0, "other6": 0.0, "other6_def": 0.0, "other7": 0.0, "other7_def": 0.0, "other8": 0.0, "other8_def": 0.0, "other9": 0.0, "other9_def": 0.0, "other10": 0.0, "other10_def": 0.0, "created_date": "2023-10-31 00:00:00", "modified_date": "2023-11-01 10:00:00"}}, {"type": "Feature", "geometry": {"type": "Point", "coordinates": [39.5627, -3.9334]}, "properties": {"source_id": 25453871, "source_name": "Rabai power station", "source_type": "oil, other_fossil", "iso3_country": "KEN", "sector": "power", "subsector": "electricity-generation", "start_time": "2019-01-01 00:00:00", "end_time": "2019-12-31 00:00:00", "geometry_ref": "trace_39.5627_-3.9334", "gas": "n2o", "emissions_quantity": 0.0, "temporal_granularity": "annual", "activity": 114000, "activity_units": "MWh", "emissions_factor": 0.0, "emissions_factor_units": "field_not_modeled", "capacity": 93, "capacity_units": "MW", "capacity_factor": 0.14, "other1": "a", "other1_def": "capacity_factor_methodology", "other2": 0.0, "other2_def": "biomass_emissions", "other3": 0.0, "other3_def": "biomass_capacity", "other4": 0.0, "other4_def": "biomass_generation", "other5": 0.0, "other5_def": 0.0, "other6": 0.0, "other6_def": 0.0, "other7": 0.0, "other7_def": 0.0, "other8": 0.0, "other8_def": 0.0, "other9": 0.0, "other9_def": 0.0, "other10": 0.0, "other10_def": 0.0, "created_date": "2023-10-31 00:00:00", "modified_date": "2023-11-01 10:00:00"}}, {"type": "Feature", "geometry": {"type": "Point", "coordinates": [39.5627, -3.9334]}, "properties": {"source_id": 25453871, "source_name": "Rabai power station", "source_type": "oil, other_fossil", "iso3_country": "KEN", "sector": "power", "subsector": "electricity-generation", "start_time": "2020-01-01 00:00:00", "end_time": "2020-12-31 00:00:00", "geometry_ref": "trace_39.5627_-3.9334", "gas": "ch4", "emissions_quantity": 0.0, "temporal_granularity": "annual", "activity": 83000, "activity_units": "MWh", "emissions_factor": 0.0, "emissions_factor_units": "field_not_modeled", "capacity": 93, "capacity_units": "MW", "capacity_factor": 0.102, "other1": "a", "other1_def": "capacity_factor_methodology", "other2": 0.0, "other2_def": "biomass_emissions", "other3": 0.0, "other3_def": "biomass_capacity", "other4": 0.0, "other4_def": "biomass_generation", "other5": 0.0, "other5_def": 0.0, "other6": 0.0, "other6_def": 0.0, "other7": 0.0, "other7_def": 0.0, "other8": 0.0, "other8_def": 0.0, "other9": 0.0, "other9_def": 0.0, "other10": 0.0, "other10_def": 0.0, "created_date": "2023-10-31 00:00:00", "modified_date": "2023-11-01 10:00:00"}}, {"type": "Feature", "geometry": {"type": "Point", "coordinates": [39.5627, -3.9334]}, "properties": {"source_id": 25453871, "source_name": "Rabai power station", "source_type": "oil, other_fossil", "iso3_country": "KEN", "sector": "power", "subsector": "electricity-generation", "start_time": "2020-01-01 00:00:00", "end_time": "2020-12-31 00:00:00", "geometry_ref": "trace_39.5627_-3.9334", "gas": "co2", "emissions_quantity": 76000.0, "temporal_granularity": "annual", "activity": 83000, "activity_units": "MWh", "emissions_factor": 0.916, "emissions_factor_units": "T of CO2 per MWh", "capacity": 93, "capacity_units": "MW", "capacity_factor": 0.102, "other1": "a", "other1_def": "capacity_factor_methodology", "other2": 0.0, "other2_def": "biomass_emissions", "other3": 0.0, "other3_def": "biomass_capacity", "other4": 0.0, "other4_def": "biomass_generation", "other5": 0.0, "other5_def": 0.0, "other6": 0.0, "other6_def": 0.0, "other7": 0.0, "other7_def": 0.0, "other8": 0.0, "other8_def": 0.0, "other9": 0.0, "other9_def": 0.0, "other10": 0.0, "other10_def": 0.0, "created_date": "2023-10-31 00:00:00", "modified_date": "2023-11-01 10:00:00"}}, {"type": "Feature", "geometry": {"type": "Point", "coordinates": [39.5627, -3.9334]}, "properties": {"source_id": 25453871, "source_name": "Rabai power station", "source_type": "oil, other_fossil", "iso3_country": "KEN", "sector": "power", "subsector": "electricity-generation", "start_time": "2020-01-01 00:00:00", "end_time": "2020-12-31 00:00:00", "geometry_ref": "trace_39.5627_-3.9334", "gas": "co2e_100yr", "emissions_quantity": 76000.0, "temporal_granularity": "annual", "activity": 83000, "activity_units": "MWh", "emissions_factor": 0.0, "emissions_factor_units": 0, "capacity": 93, "capacity_units": "MW", "capacity_factor": 0.102, "other1": "a", "other1_def": "capacity_factor_methodology", "other2": 0.0, "other2_def": "biomass_emissions", "other3": 0.0, "other3_def": "biomass_capacity", "other4": 0.0, "other4_def": "biomass_generation", "other5": 0.0, "other5_def": 0.0, "other6": 0.0, "other6_def": 0.0, "other7": 0.0, "other7_def": 0.0, "other8": 0.0, "other8_def": 0.0, "other9": 0.0, "other9_def": 0.0, "other10": 0.0, "other10_def": 0.0, "created_date": "2023-10-31 00:00:00", "modified_date": "2023-11-01 10:00:00"}}, {"type": "Feature", "geometry": {"type": "Point", "coordinates": [39.5627, -3.9334]}, "properties": {"source_id": 25453871, "source_name": "Rabai power station", "source_type": "oil, other_fossil", "iso3_country": "KEN", "sector": "power", "subsector": "electricity-generation", "start_time": "2020-01-01 00:00:00", "end_time": "2020-12-31 00:00:00", "geometry_ref": "trace_39.5627_-3.9334", "gas": "co2e_20yr", "emissions_quantity": 76000.0, "temporal_granularity": "annual", "activity": 83000, "activity_units": "MWh", "emissions_factor": 0.0, "emissions_factor_units": 0, "capacity": 93, "capacity_units": "MW", "capacity_factor": 0.102, "other1": "a", "other1_def": "capacity_factor_methodology", "other2": 0.0, "other2_def": "biomass_emissions", "other3": 0.0, "other3_def": "biomass_capacity", "other4": 0.0, "other4_def": "biomass_generation", "other5": 0.0, "other5_def": 0.0, "other6": 0.0, "other6_def": 0.0, "other7": 0.0, "other7_def": 0.0, "other8": 0.0, "other8_def": 0.0, "other9": 0.0, "other9_def": 0.0, "other10": 0.0, "other10_def": 0.0, "created_date": "2023-10-31 00:00:00", "modified_date": "2023-11-01 10:00:00"}}, {"type": "Feature", "geometry": {"type": "Point", "coordinates": [39.5627, -3.9334]}, "properties": {"source_id": 25453871, "source_name": "Rabai power station", "source_type": "oil, other_fossil", "iso3_country": "KEN", "sector": "power", "subsector": "electricity-generation", "start_time": "2020-01-01 00:00:00", "end_time": "2020-12-31 00:00:00", "geometry_ref": "trace_39.5627_-3.9334", "gas": "n2o", "emissions_quantity": 0.0, "temporal_granularity": "annual", "activity": 83000, "activity_units": "MWh", "emissions_factor": 0.0, "emissions_factor_units": "field_not_modeled", "capacity": 93, "capacity_units": "MW", "capacity_factor": 0.102, "other1": "a", "other1_def": "capacity_factor_methodology", "other2": 0.0, "other2_def": "biomass_emissions", "other3": 0.0, "other3_def": "biomass_capacity", "other4": 0.0, "other4_def": "biomass_generation", "other5": 0.0, "other5_def": 0.0, "other6": 0.0, "other6_def": 0.0, "other7": 0.0, "other7_def": 0.0, "other8": 0.0, "other8_def": 0.0, "other9": 0.0, "other9_def": 0.0, "other10": 0.0, "other10_def": 0.0, "created_date": "2023-10-31 00:00:00", "modified_date": "2023-11-01 10:00:00"}}, {"type": "Feature", "geometry": {"type": "Point", "coordinates": [39.5627, -3.9334]}, "properties": {"source_id": 25453871, "source_name": "Rabai power station", "source_type": "oil, other_fossil", "iso3_country": "KEN", "sector": "power", "subsector": "electricity-generation", "start_time": "2021-01-01 00:00:00", "end_time": "2021-12-31 00:00:00", "geometry_ref": "trace_39.5627_-3.9334", "gas": "ch4", "emissions_quantity": 0.0, "temporal_granularity": "annual", "activity": 89000, "activity_units": "MWh", "emissions_factor": 0.0, "emissions_factor_units": "field_not_modeled", "capacity": 93, "capacity_units": "MW", "capacity_factor": 0.109, "other1": "a", "other1_def": "capacity_factor_methodology", "other2": 0.0, "other2_def": "biomass_emissions", "other3": 0.0, "other3_def": "biomass_capacity", "other4": 0.0, "other4_def": "biomass_generation", "other5": 0.0, "other5_def": 0.0, "other6": 0.0, "other6_def": 0.0, "other7": 0.0, "other7_def": 0.0, "other8": 0.0, "other8_def": 0.0, "other9": 0.0, "other9_def": 0.0, "other10": 0.0, "other10_def": 0.0, "created_date": "2023-10-31 00:00:00", "modified_date": "2023-11-01 10:00:00"}}, {"type": "Feature", "geometry": {"type": "Point", "coordinates": [39.5627, -3.9334]}, "properties": {"source_id": 25453871, "source_name": "Rabai power station", "source_type": "oil, other_fossil", "iso3_country": "KEN", "sector": "power", "subsector": "electricity-generation", "start_time": "2021-01-01 00:00:00", "end_time": "2021-12-31 00:00:00", "geometry_ref": "trace_39.5627_-3.9334", "gas": "co2", "emissions_quantity": 81000.0, "temporal_granularity": "annual", "activity": 89000, "activity_units": "MWh", "emissions_factor": 0.91, "emissions_factor_units": "T of CO2 per MWh", "capacity": 93, "capacity_units": "MW", "capacity_factor": 0.109, "other1": "a", "other1_def": "capacity_factor_methodology", "other2": 0.0, "other2_def": "biomass_emissions", "other3": 0.0, "other3_def": "biomass_capacity", "other4": 0.0, "other4_def": "biomass_generation", "other5": 0.0, "other5_def": 0.0, "other6": 0.0, "other6_def": 0.0, "other7": 0.0, "other7_def": 0.0, "other8": 0.0, "other8_def": 0.0, "other9": 0.0, "other9_def": 0.0, "other10": 0.0, "other10_def": 0.0, "created_date": "2023-10-31 00:00:00", "modified_date": "2023-11-01 10:00:00"}}, {"type": "Feature", "geometry": {"type": "Point", "coordinates": [39.5627, -3.9334]}, "properties": {"source_id": 25453871, "source_name": "Rabai power station", "source_type": "oil, other_fossil", "iso3_country": "KEN", "sector": "power", "subsector": "electricity-generation", "start_time": "2021-01-01 00:00:00", "end_time": "2021-12-31 00:00:00", "geometry_ref": "trace_39.5627_-3.9334", "gas": "co2e_100yr", "emissions_quantity": 81000.0, "temporal_granularity": "annual", "activity": 89000, "activity_units": "MWh", "emissions_factor": 0.0, "emissions_factor_units": 0, "capacity": 93, "capacity_units": "MW", "capacity_factor": 0.109, "other1": "a", "other1_def": "capacity_factor_methodology", "other2": 0.0, "other2_def": "biomass_emissions", "other3": 0.0, "other3_def": "biomass_capacity", "other4": 0.0, "other4_def": "biomass_generation", "other5": 0.0, "other5_def": 0.0, "other6": 0.0, "other6_def": 0.0, "other7": 0.0, "other7_def": 0.0, "other8": 0.0, "other8_def": 0.0, "other9": 0.0, "other9_def": 0.0, "other10": 0.0, "other10_def": 0.0, "created_date": "2023-10-31 00:00:00", "modified_date": "2023-11-01 10:00:00"}}, {"type": "Feature", "geometry": {"type": "Point", "coordinates": [39.5627, -3.9334]}, "properties": {"source_id": 25453871, "source_name": "Rabai power station", "source_type": "oil, other_fossil", "iso3_country": "KEN", "sector": "power", "subsector": "electricity-generation", "start_time": "2021-01-01 00:00:00", "end_time": "2021-12-31 00:00:00", "geometry_ref": "trace_39.5627_-3.9334", "gas": "co2e_20yr", "emissions_quantity": 81000.0, "temporal_granularity": "annual", "activity": 89000, "activity_units": "MWh", "emissions_factor": 0.0, "emissions_factor_units": 0, "capacity": 93, "capacity_units": "MW", "capacity_factor": 0.109, "other1": "a", "other1_def": "capacity_factor_methodology", "other2": 0.0, "other2_def": "biomass_emissions", "other3": 0.0, "other3_def": "biomass_capacity", "other4": 0.0, "other4_def": "biomass_generation", "other5": 0.0, "other5_def": 0.0, "other6": 0.0, "other6_def": 0.0, "other7": 0.0, "other7_def": 0.0, "other8": 0.0, "other8_def": 0.0, "other9": 0.0, "other9_def": 0.0, "other10": 0.0, "other10_def": 0.0, "created_date": "2023-10-31 00:00:00", "modified_date": "2023-11-01 10:00:00"}}, {"type": "Feature", "geometry": {"type": "Point", "coordinates": [39.5627, -3.9334]}, "properties": {"source_id": 25453871, "source_name": "Rabai power station", "source_type": "oil, other_fossil", "iso3_country": "KEN", "sector": "power", "subsector": "electricity-generation", "start_time": "2021-01-01 00:00:00", "end_time": "2021-12-31 00:00:00", "geometry_ref": "trace_39.5627_-3.9334", "gas": "n2o", "emissions_quantity": 0.0, "temporal_granularity": "annual", "activity": 89000, "activity_units": "MWh", "emissions_factor": 0.0, "emissions_factor_units": "field_not_modeled", "capacity": 93, "capacity_units": "MW", "capacity_factor": 0.109, "other1": "a", "other1_def": "capacity_factor_methodology", "other2": 0.0, "other2_def": "biomass_emissions", "other3": 0.0, "other3_def": "biomass_capacity", "other4": 0.0, "other4_def": "biomass_generation", "other5": 0.0, "other5_def": 0.0, "other6": 0.0, "other6_def": 0.0, "other7": 0.0, "other7_def": 0.0, "other8": 0.0, "other8_def": 0.0, "other9": 0.0, "other9_def": 0.0, "other10": 0.0, "other10_def": 0.0, "created_date": "2023-10-31 00:00:00", "modified_date": "2023-11-01 10:00:00"}}, {"type": "Feature", "geometry": {"type": "Point", "coordinates": [39.5627, -3.9334]}, "properties": {"source_id": 25453871, "source_name": "Rabai power station", "source_type": "oil, other_fossil", "iso3_country": "KEN", "sector": "power", "subsector": "electricity-generation", "start_time": "2022-01-01 00:00:00", "end_time": "2022-12-31 00:00:00", "geometry_ref": "trace_39.5627_-3.9334", "gas": "ch4", "emissions_quantity": 0.0, "temporal_granularity": "annual", "activity": 116000, "activity_units": "MWh", "emissions_factor": 0.0, "emissions_factor_units": "field_not_modeled", "capacity": 93, "capacity_units": "MW", "capacity_factor": 0.142, "other1": "a", "other1_def": "capacity_factor_methodology", "other2": 0.0, "other2_def": "biomass_emissions", "other3": 0.0, "other3_def": "biomass_capacity", "other4": 0.0, "other4_def": "biomass_generation", "other5": 0.0, "other5_def": 0.0, "other6": 0.0, "other6_def": 0.0, "other7": 0.0, "other7_def": 0.0, "other8": 0.0, "other8_def": 0.0, "other9": 0.0, "other9_def": 0.0, "other10": 0.0, "other10_def": 0.0, "created_date": "2023-10-31 00:00:00", "modified_date": "2023-11-01 10:00:00"}}, {"type": "Feature", "geometry": {"type": "Point", "coordinates": [39.5627, -3.9334]}, "properties": {"source_id": 25453871, "source_name": "Rabai power station", "source_type": "oil, other_fossil", "iso3_country": "KEN", "sector": "power", "subsector": "electricity-generation", "start_time": "2022-01-01 00:00:00", "end_time": "2022-12-31 00:00:00", "geometry_ref": "trace_39.5627_-3.9334", "gas": "co2", "emissions_quantity": 106000.0, "temporal_granularity": "annual", "activity": 116000, "activity_units": "MWh", "emissions_factor": 0.914, "emissions_factor_units": "T of CO2 per MWh", "capacity": 93, "capacity_units": "MW", "capacity_factor": 0.142, "other1": "a", "other1_def": "capacity_factor_methodology", "other2": 0.0, "other2_def": "biomass_emissions", "other3": 0.0, "other3_def": "biomass_capacity", "other4": 0.0, "other4_def": "biomass_generation", "other5": 0.0, "other5_def": 0.0, "other6": 0.0, "other6_def": 0.0, "other7": 0.0, "other7_def": 0.0, "other8": 0.0, "other8_def": 0.0, "other9": 0.0, "other9_def": 0.0, "other10": 0.0, "other10_def": 0.0, "created_date": "2023-10-31 00:00:00", "modified_date": "2023-11-01 10:00:00"}}, {"type": "Feature", "geometry": {"type": "Point", "coordinates": [39.5627, -3.9334]}, "properties": {"source_id": 25453871, "source_name": "Rabai power station", "source_type": "oil, other_fossil", "iso3_country": "KEN", "sector": "power", "subsector": "electricity-generation", "start_time": "2022-01-01 00:00:00", "end_time": "2022-12-31 00:00:00", "geometry_ref": "trace_39.5627_-3.9334", "gas": "co2e_100yr", "emissions_quantity": 106000.0, "temporal_granularity": "annual", "activity": 116000, "activity_units": "MWh", "emissions_factor": 0.0, "emissions_factor_units": 0, "capacity": 93, "capacity_units": "MW", "capacity_factor": 0.142, "other1": "a", "other1_def": "capacity_factor_methodology", "other2": 0.0, "other2_def": "biomass_emissions", "other3": 0.0, "other3_def": "biomass_capacity", "other4": 0.0, "other4_def": "biomass_generation", "other5": 0.0, "other5_def": 0.0, "other6": 0.0, "other6_def": 0.0, "other7": 0.0, "other7_def": 0.0, "other8": 0.0, "other8_def": 0.0, "other9": 0.0, "other9_def": 0.0, "other10": 0.0, "other10_def": 0.0, "created_date": "2023-10-31 00:00:00", "modified_date": "2023-11-01 10:00:00"}}, {"type": "Feature", "geometry": {"type": "Point", "coordinates": [39.5627, -3.9334]}, "properties": {"source_id": 25453871, "source_name": "Rabai power station", "source_type": "oil, other_fossil", "iso3_country": "KEN", "sector": "power", "subsector": "electricity-generation", "start_time": "2022-01-01 00:00:00", "end_time": "2022-12-31 00:00:00", "geometry_ref": "trace_39.5627_-3.9334", "gas": "co2e_20yr", "emissions_quantity": 106000.0, "temporal_granularity": "annual", "activity": 116000, "activity_units": "MWh", "emissions_factor": 0.0, "emissions_factor_units": 0, "capacity": 93, "capacity_units": "MW", "capacity_factor": 0.142, "other1": "a", "other1_def": "capacity_factor_methodology", "other2": 0.0, "other2_def": "biomass_emissions", "other3": 0.0, "other3_def": "biomass_capacity", "other4": 0.0, "other4_def": "biomass_generation", "other5": 0.0, "other5_def": 0.0, "other6": 0.0, "other6_def": 0.0, "other7": 0.0, "other7_def": 0.0, "other8": 0.0, "other8_def": 0.0, "other9": 0.0, "other9_def": 0.0, "other10": 0.0, "other10_def": 0.0, "created_date": "2023-10-31 00:00:00", "modified_date": "2023-11-01 10:00:00"}}, {"type": "Feature", "geometry": {"type": "Point", "coordinates": [39.5627, -3.9334]}, "properties": {"source_id": 25453871, "source_name": "Rabai power station", "source_type": "oil, other_fossil", "iso3_country": "KEN", "sector": "power", "subsector": "electricity-generation", "start_time": "2022-01-01 00:00:00", "end_time": "2022-12-31 00:00:00", "geometry_ref": "trace_39.5627_-3.9334", "gas": "n2o", "emissions_quantity": 0.0, "temporal_granularity": "annual", "activity": 116000, "activity_units": "MWh", "emissions_factor": 0.0, "emissions_factor_units": "field_not_modeled", "capacity": 93, "capacity_units": "MW", "capacity_factor": 0.142, "other1": "a", "other1_def": "capacity_factor_methodology", "other2": 0.0, "other2_def": "biomass_emissions", "other3": 0.0, "other3_def": "biomass_capacity", "other4": 0.0, "other4_def": "biomass_generation", "other5": 0.0, "other5_def": 0.0, "other6": 0.0, "other6_def": 0.0, "other7": 0.0, "other7_def": 0.0, "other8": 0.0, "other8_def": 0.0, "other9": 0.0, "other9_def": 0.0, "other10": 0.0, "other10_def": 0.0, "created_date": "2023-10-31 00:00:00", "modified_date": "2023-11-01 10:00:00"}}, {"type": "Feature", "geometry": {"type": "Point", "coordinates": [37.0509, -1.0606]}, "properties": {"source_id": 25454650, "source_name": "Thika Power Plant", "source_type": "oil, other_fossil", "iso3_country": "KEN", "sector": "power", "subsector": "electricity-generation", "start_time": "2019-01-01 00:00:00", "end_time": "2019-12-31 00:00:00", "geometry_ref": "trace_37.0509_-1.0606", "gas": "ch4", "emissions_quantity": 0.0, "temporal_granularity": "annual", "activity": 116000, "activity_units": "MWh", "emissions_factor": 0.0, "emissions_factor_units": "field_not_modeled", "capacity": 95, "capacity_units": "MW", "capacity_factor": 0.139, "other1": "a", "other1_def": "capacity_factor_methodology", "other2": 0.0, "other2_def": "biomass_emissions", "other3": 0.0, "other3_def": "biomass_capacity", "other4": 0.0, "other4_def": "biomass_generation", "other5": 0.0, "other5_def": 0.0, "other6": 0.0, "other6_def": 0.0, "other7": 0.0, "other7_def": 0.0, "other8": 0.0, "other8_def": 0.0, "other9": 0.0, "other9_def": 0.0, "other10": 0.0, "other10_def": 0.0, "created_date": "2023-10-31 00:00:00", "modified_date": "2023-11-01 10:00:00"}}, {"type": "Feature", "geometry": {"type": "Point", "coordinates": [37.0509, -1.0606]}, "properties": {"source_id": 25454650, "source_name": "Thika Power Plant", "source_type": "oil, other_fossil", "iso3_country": "KEN", "sector": "power", "subsector": "electricity-generation", "start_time": "2019-01-01 00:00:00", "end_time": "2019-12-31 00:00:00", "geometry_ref": "trace_37.0509_-1.0606", "gas": "co2", "emissions_quantity": 106000.0, "temporal_granularity": "annual", "activity": 116000, "activity_units": "MWh", "emissions_factor": 0.914, "emissions_factor_units": "T of CO2 per MWh", "capacity": 95, "capacity_units": "MW", "capacity_factor": 0.139, "other1": "a", "other1_def": "capacity_factor_methodology", "other2": 0.0, "other2_def": "biomass_emissions", "other3": 0.0, "other3_def": "biomass_capacity", "other4": 0.0, "other4_def": "biomass_generation", "other5": 0.0, "other5_def": 0.0, "other6": 0.0, "other6_def": 0.0, "other7": 0.0, "other7_def": 0.0, "other8": 0.0, "other8_def": 0.0, "other9": 0.0, "other9_def": 0.0, "other10": 0.0, "other10_def": 0.0, "created_date": "2023-10-31 00:00:00", "modified_date": "2023-11-01 10:00:00"}}, {"type": "Feature", "geometry": {"type": "Point", "coordinates": [37.0509, -1.0606]}, "properties": {"source_id": 25454650, "source_name": "Thika Power Plant", "source_type": "oil, other_fossil", "iso3_country": "KEN", "sector": "power", "subsector": "electricity-generation", "start_time": "2019-01-01 00:00:00", "end_time": "2019-12-31 00:00:00", "geometry_ref": "trace_37.0509_-1.0606", "gas": "co2e_100yr", "emissions_quantity": 106000.0, "temporal_granularity": "annual", "activity": 116000, "activity_units": "MWh", "emissions_factor": 0.0, "emissions_factor_units": 0, "capacity": 95, "capacity_units": "MW", "capacity_factor": 0.139, "other1": "a", "other1_def": "capacity_factor_methodology", "other2": 0.0, "other2_def": "biomass_emissions", "other3": 0.0, "other3_def": "biomass_capacity", "other4": 0.0, "other4_def": "biomass_generation", "other5": 0.0, "other5_def": 0.0, "other6": 0.0, "other6_def": 0.0, "other7": 0.0, "other7_def": 0.0, "other8": 0.0, "other8_def": 0.0, "other9": 0.0, "other9_def": 0.0, "other10": 0.0, "other10_def": 0.0, "created_date": "2023-10-31 00:00:00", "modified_date": "2023-11-01 10:00:00"}}, {"type": "Feature", "geometry": {"type": "Point", "coordinates": [37.0509, -1.0606]}, "properties": {"source_id": 25454650, "source_name": "Thika Power Plant", "source_type": "oil, other_fossil", "iso3_country": "KEN", "sector": "power", "subsector": "electricity-generation", "start_time": "2019-01-01 00:00:00", "end_time": "2019-12-31 00:00:00", "geometry_ref": "trace_37.0509_-1.0606", "gas": "co2e_20yr", "emissions_quantity": 106000.0, "temporal_granularity": "annual", "activity": 116000, "activity_units": "MWh", "emissions_factor": 0.0, "emissions_factor_units": 0, "capacity": 95, "capacity_units": "MW", "capacity_factor": 0.139, "other1": "a", "other1_def": "capacity_factor_methodology", "other2": 0.0, "other2_def": "biomass_emissions", "other3": 0.0, "other3_def": "biomass_capacity", "other4": 0.0, "other4_def": "biomass_generation", "other5": 0.0, "other5_def": 0.0, "other6": 0.0, "other6_def": 0.0, "other7": 0.0, "other7_def": 0.0, "other8": 0.0, "other8_def": 0.0, "other9": 0.0, "other9_def": 0.0, "other10": 0.0, "other10_def": 0.0, "created_date": "2023-10-31 00:00:00", "modified_date": "2023-11-01 10:00:00"}}, {"type": "Feature", "geometry": {"type": "Point", "coordinates": [37.0509, -1.0606]}, "properties": {"source_id": 25454650, "source_name": "Thika Power Plant", "source_type": "oil, other_fossil", "iso3_country": "KEN", "sector": "power", "subsector": "electricity-generation", "start_time": "2019-01-01 00:00:00", "end_time": "2019-12-31 00:00:00", "geometry_ref": "trace_37.0509_-1.0606", "gas": "n2o", "emissions_quantity": 0.0, "temporal_granularity": "annual", "activity": 116000, "activity_units": "MWh", "emissions_factor": 0.0, "emissions_factor_units": "field_not_modeled", "capacity": 95, "capacity_units": "MW", "capacity_factor": 0.139, "other1": "a", "other1_def": "capacity_factor_methodology", "other2": 0.0, "other2_def": "biomass_emissions", "other3": 0.0, "other3_def": "biomass_capacity", "other4": 0.0, "other4_def": "biomass_generation", "other5": 0.0, "other5_def": 0.0, "other6": 0.0, "other6_def": 0.0, "other7": 0.0, "other7_def": 0.0, "other8": 0.0, "other8_def": 0.0, "other9": 0.0, "other9_def": 0.0, "other10": 0.0, "other10_def": 0.0, "created_date": "2023-10-31 00:00:00", "modified_date": "2023-11-01 10:00:00"}}, {"type": "Feature", "geometry": {"type": "Point", "coordinates": [37.0509, -1.0606]}, "properties": {"source_id": 25454650, "source_name": "Thika Power Plant", "source_type": "oil, other_fossil", "iso3_country": "KEN", "sector": "power", "subsector": "electricity-generation", "start_time": "2020-01-01 00:00:00", "end_time": "2020-12-31 00:00:00", "geometry_ref": "trace_37.0509_-1.0606", "gas": "ch4", "emissions_quantity": 0.0, "temporal_granularity": "annual", "activity": 85000, "activity_units": "MWh", "emissions_factor": 0.0, "emissions_factor_units": "field_not_modeled", "capacity": 95, "capacity_units": "MW", "capacity_factor": 0.102, "other1": "a", "other1_def": "capacity_factor_methodology", "other2": 0.0, "other2_def": "biomass_emissions", "other3": 0.0, "other3_def": "biomass_capacity", "other4": 0.0, "other4_def": "biomass_generation", "other5": 0.0, "other5_def": 0.0, "other6": 0.0, "other6_def": 0.0, "other7": 0.0, "other7_def": 0.0, "other8": 0.0, "other8_def": 0.0, "other9": 0.0, "other9_def": 0.0, "other10": 0.0, "other10_def": 0.0, "created_date": "2023-10-31 00:00:00", "modified_date": "2023-11-01 10:00:00"}}, {"type": "Feature", "geometry": {"type": "Point", "coordinates": [37.0509, -1.0606]}, "properties": {"source_id": 25454650, "source_name": "Thika Power Plant", "source_type": "oil, other_fossil", "iso3_country": "KEN", "sector": "power", "subsector": "electricity-generation", "start_time": "2020-01-01 00:00:00", "end_time": "2020-12-31 00:00:00", "geometry_ref": "trace_37.0509_-1.0606", "gas": "co2", "emissions_quantity": 78000.0, "temporal_granularity": "annual", "activity": 85000, "activity_units": "MWh", "emissions_factor": 0.918, "emissions_factor_units": "T of CO2 per MWh", "capacity": 95, "capacity_units": "MW", "capacity_factor": 0.102, "other1": "a", "other1_def": "capacity_factor_methodology", "other2": 0.0, "other2_def": "biomass_emissions", "other3": 0.0, "other3_def": "biomass_capacity", "other4": 0.0, "other4_def": "biomass_generation", "other5": 0.0, "other5_def": 0.0, "other6": 0.0, "other6_def": 0.0, "other7": 0.0, "other7_def": 0.0, "other8": 0.0, "other8_def": 0.0, "other9": 0.0, "other9_def": 0.0, "other10": 0.0, "other10_def": 0.0, "created_date": "2023-10-31 00:00:00", "modified_date": "2023-11-01 10:00:00"}}, {"type": "Feature", "geometry": {"type": "Point", "coordinates": [37.0509, -1.0606]}, "properties": {"source_id": 25454650, "source_name": "Thika Power Plant", "source_type": "oil, other_fossil", "iso3_country": "KEN", "sector": "power", "subsector": "electricity-generation", "start_time": "2020-01-01 00:00:00", "end_time": "2020-12-31 00:00:00", "geometry_ref": "trace_37.0509_-1.0606", "gas": "co2e_100yr", "emissions_quantity": 78000.0, "temporal_granularity": "annual", "activity": 85000, "activity_units": "MWh", "emissions_factor": 0.0, "emissions_factor_units": 0, "capacity": 95, "capacity_units": "MW", "capacity_factor": 0.102, "other1": "a", "other1_def": "capacity_factor_methodology", "other2": 0.0, "other2_def": "biomass_emissions", "other3": 0.0, "other3_def": "biomass_capacity", "other4": 0.0, "other4_def": "biomass_generation", "other5": 0.0, "other5_def": 0.0, "other6": 0.0, "other6_def": 0.0, "other7": 0.0, "other7_def": 0.0, "other8": 0.0, "other8_def": 0.0, "other9": 0.0, "other9_def": 0.0, "other10": 0.0, "other10_def": 0.0, "created_date": "2023-10-31 00:00:00", "modified_date": "2023-11-01 10:00:00"}}, {"type": "Feature", "geometry": {"type": "Point", "coordinates": [37.0509, -1.0606]}, "properties": {"source_id": 25454650, "source_name": "Thika Power Plant", "source_type": "oil, other_fossil", "iso3_country": "KEN", "sector": "power", "subsector": "electricity-generation", "start_time": "2020-01-01 00:00:00", "end_time": "2020-12-31 00:00:00", "geometry_ref": "trace_37.0509_-1.0606", "gas": "co2e_20yr", "emissions_quantity": 78000.0, "temporal_granularity": "annual", "activity": 85000, "activity_units": "MWh", "emissions_factor": 0.0, "emissions_factor_units": 0, "capacity": 95, "capacity_units": "MW", "capacity_factor": 0.102, "other1": "a", "other1_def": "capacity_factor_methodology", "other2": 0.0, "other2_def": "biomass_emissions", "other3": 0.0, "other3_def": "biomass_capacity", "other4": 0.0, "other4_def": "biomass_generation", "other5": 0.0, "other5_def": 0.0, "other6": 0.0, "other6_def": 0.0, "other7": 0.0, "other7_def": 0.0, "other8": 0.0, "other8_def": 0.0, "other9": 0.0, "other9_def": 0.0, "other10": 0.0, "other10_def": 0.0, "created_date": "2023-10-31 00:00:00", "modified_date": "2023-11-01 10:00:00"}}, {"type": "Feature", "geometry": {"type": "Point", "coordinates": [37.0509, -1.0606]}, "properties": {"source_id": 25454650, "source_name": "Thika Power Plant", "source_type": "oil, other_fossil", "iso3_country": "KEN", "sector": "power", "subsector": "electricity-generation", "start_time": "2020-01-01 00:00:00", "end_time": "2020-12-31 00:00:00", "geometry_ref": "trace_37.0509_-1.0606", "gas": "n2o", "emissions_quantity": 0.0, "temporal_granularity": "annual", "activity": 85000, "activity_units": "MWh", "emissions_factor": 0.0, "emissions_factor_units": "field_not_modeled", "capacity": 95, "capacity_units": "MW", "capacity_factor": 0.102, "other1": "a", "other1_def": "capacity_factor_methodology", "other2": 0.0, "other2_def": "biomass_emissions", "other3": 0.0, "other3_def": "biomass_capacity", "other4": 0.0, "other4_def": "biomass_generation", "other5": 0.0, "other5_def": 0.0, "other6": 0.0, "other6_def": 0.0, "other7": 0.0, "other7_def": 0.0, "other8": 0.0, "other8_def": 0.0, "other9": 0.0, "other9_def": 0.0, "other10": 0.0, "other10_def": 0.0, "created_date": "2023-10-31 00:00:00", "modified_date": "2023-11-01 10:00:00"}}, {"type": "Feature", "geometry": {"type": "Point", "coordinates": [37.0509, -1.0606]}, "properties": {"source_id": 25454650, "source_name": "Thika Power Plant", "source_type": "oil, other_fossil", "iso3_country": "KEN", "sector": "power", "subsector": "electricity-generation", "start_time": "2021-01-01 00:00:00", "end_time": "2021-12-31 00:00:00", "geometry_ref": "trace_37.0509_-1.0606", "gas": "ch4", "emissions_quantity": 0.0, "temporal_granularity": "annual", "activity": 91000, "activity_units": "MWh", "emissions_factor": 0.0, "emissions_factor_units": "field_not_modeled", "capacity": 95, "capacity_units": "MW", "capacity_factor": 0.109, "other1": "a", "other1_def": "capacity_factor_methodology", "other2": 0.0, "other2_def": "biomass_emissions", "other3": 0.0, "other3_def": "biomass_capacity", "other4": 0.0, "other4_def": "biomass_generation", "other5": 0.0, "other5_def": 0.0, "other6": 0.0, "other6_def": 0.0, "other7": 0.0, "other7_def": 0.0, "other8": 0.0, "other8_def": 0.0, "other9": 0.0, "other9_def": 0.0, "other10": 0.0, "other10_def": 0.0, "created_date": "2023-10-31 00:00:00", "modified_date": "2023-11-01 10:00:00"}}, {"type": "Feature", "geometry": {"type": "Point", "coordinates": [37.0509, -1.0606]}, "properties": {"source_id": 25454650, "source_name": "Thika Power Plant", "source_type": "oil, other_fossil", "iso3_country": "KEN", "sector": "power", "subsector": "electricity-generation", "start_time": "2021-01-01 00:00:00", "end_time": "2021-12-31 00:00:00", "geometry_ref": "trace_37.0509_-1.0606", "gas": "co2", "emissions_quantity": 83000.0, "temporal_granularity": "annual", "activity": 91000, "activity_units": "MWh", "emissions_factor": 0.912, "emissions_factor_units": "T of CO2 per MWh", "capacity": 95, "capacity_units": "MW", "capacity_factor": 0.109, "other1": "a", "other1_def": "capacity_factor_methodology", "other2": 0.0, "other2_def": "biomass_emissions", "other3": 0.0, "other3_def": "biomass_capacity", "other4": 0.0, "other4_def": "biomass_generation", "other5": 0.0, "other5_def": 0.0, "other6": 0.0, "other6_def": 0.0, "other7": 0.0, "other7_def": 0.0, "other8": 0.0, "other8_def": 0.0, "other9": 0.0, "other9_def": 0.0, "other10": 0.0, "other10_def": 0.0, "created_date": "2023-10-31 00:00:00", "modified_date": "2023-11-01 10:00:00"}}, {"type": "Feature", "geometry": {"type": "Point", "coordinates": [37.0509, -1.0606]}, "properties": {"source_id": 25454650, "source_name": "Thika Power Plant", "source_type": "oil, other_fossil", "iso3_country": "KEN", "sector": "power", "subsector": "electricity-generation", "start_time": "2021-01-01 00:00:00", "end_time": "2021-12-31 00:00:00", "geometry_ref": "trace_37.0509_-1.0606", "gas": "co2e_100yr", "emissions_quantity": 83000.0, "temporal_granularity": "annual", "activity": 91000, "activity_units": "MWh", "emissions_factor": 0.0, "emissions_factor_units": 0, "capacity": 95, "capacity_units": "MW", "capacity_factor": 0.109, "other1": "a", "other1_def": "capacity_factor_methodology", "other2": 0.0, "other2_def": "biomass_emissions", "other3": 0.0, "other3_def": "biomass_capacity", "other4": 0.0, "other4_def": "biomass_generation", "other5": 0.0, "other5_def": 0.0, "other6": 0.0, "other6_def": 0.0, "other7": 0.0, "other7_def": 0.0, "other8": 0.0, "other8_def": 0.0, "other9": 0.0, "other9_def": 0.0, "other10": 0.0, "other10_def": 0.0, "created_date": "2023-10-31 00:00:00", "modified_date": "2023-11-01 10:00:00"}}, {"type": "Feature", "geometry": {"type": "Point", "coordinates": [37.0509, -1.0606]}, "properties": {"source_id": 25454650, "source_name": "Thika Power Plant", "source_type": "oil, other_fossil", "iso3_country": "KEN", "sector": "power", "subsector": "electricity-generation", "start_time": "2021-01-01 00:00:00", "end_time": "2021-12-31 00:00:00", "geometry_ref": "trace_37.0509_-1.0606", "gas": "co2e_20yr", "emissions_quantity": 83000.0, "temporal_granularity": "annual", "activity": 91000, "activity_units": "MWh", "emissions_factor": 0.0, "emissions_factor_units": 0, "capacity": 95, "capacity_units": "MW", "capacity_factor": 0.109, "other1": "a", "other1_def": "capacity_factor_methodology", "other2": 0.0, "other2_def": "biomass_emissions", "other3": 0.0, "other3_def": "biomass_capacity", "other4": 0.0, "other4_def": "biomass_generation", "other5": 0.0, "other5_def": 0.0, "other6": 0.0, "other6_def": 0.0, "other7": 0.0, "other7_def": 0.0, "other8": 0.0, "other8_def": 0.0, "other9": 0.0, "other9_def": 0.0, "other10": 0.0, "other10_def": 0.0, "created_date": "2023-10-31 00:00:00", "modified_date": "2023-11-01 10:00:00"}}, {"type": "Feature", "geometry": {"type": "Point", "coordinates": [37.0509, -1.0606]}, "properties": {"source_id": 25454650, "source_name": "Thika Power Plant", "source_type": "oil, other_fossil", "iso3_country": "KEN", "sector": "power", "subsector": "electricity-generation", "start_time": "2021-01-01 00:00:00", "end_time": "2021-12-31 00:00:00", "geometry_ref": "trace_37.0509_-1.0606", "gas": "n2o", "emissions_quantity": 0.0, "temporal_granularity": "annual", "activity": 91000, "activity_units": "MWh", "emissions_factor": 0.0, "emissions_factor_units": "field_not_modeled", "capacity": 95, "capacity_units": "MW", "capacity_factor": 0.109, "other1": "a", "other1_def": "capacity_factor_methodology", "other2": 0.0, "other2_def": "biomass_emissions", "other3": 0.0, "other3_def": "biomass_capacity", "other4": 0.0, "other4_def": "biomass_generation", "other5": 0.0, "other5_def": 0.0, "other6": 0.0, "other6_def": 0.0, "other7": 0.0, "other7_def": 0.0, "other8": 0.0, "other8_def": 0.0, "other9": 0.0, "other9_def": 0.0, "other10": 0.0, "other10_def": 0.0, "created_date": "2023-10-31 00:00:00", "modified_date": "2023-11-01 10:00:00"}}, {"type": "Feature", "geometry": {"type": "Point", "coordinates": [37.0509, -1.0606]}, "properties": {"source_id": 25454650, "source_name": "Thika Power Plant", "source_type": "oil, other_fossil", "iso3_country": "KEN", "sector": "power", "subsector": "electricity-generation", "start_time": "2022-01-01 00:00:00", "end_time": "2022-12-31 00:00:00", "geometry_ref": "trace_37.0509_-1.0606", "gas": "ch4", "emissions_quantity": 0.0, "temporal_granularity": "annual", "activity": 118000, "activity_units": "MWh", "emissions_factor": 0.0, "emissions_factor_units": "field_not_modeled", "capacity": 95, "capacity_units": "MW", "capacity_factor": 0.142, "other1": "a", "other1_def": "capacity_factor_methodology", "other2": 0.0, "other2_def": "biomass_emissions", "other3": 0.0, "other3_def": "biomass_capacity", "other4": 0.0, "other4_def": "biomass_generation", "other5": 0.0, "other5_def": 0.0, "other6": 0.0, "other6_def": 0.0, "other7": 0.0, "other7_def": 0.0, "other8": 0.0, "other8_def": 0.0, "other9": 0.0, "other9_def": 0.0, "other10": 0.0, "other10_def": 0.0, "created_date": "2023-10-31 00:00:00", "modified_date": "2023-11-01 10:00:00"}}, {"type": "Feature", "geometry": {"type": "Point", "coordinates": [37.0509, -1.0606]}, "properties": {"source_id": 25454650, "source_name": "Thika Power Plant", "source_type": "oil, other_fossil", "iso3_country": "KEN", "sector": "power", "subsector": "electricity-generation", "start_time": "2022-01-01 00:00:00", "end_time": "2022-12-31 00:00:00", "geometry_ref": "trace_37.0509_-1.0606", "gas": "co2", "emissions_quantity": 108000.0, "temporal_granularity": "annual", "activity": 118000, "activity_units": "MWh", "emissions_factor": 0.915, "emissions_factor_units": "T of CO2 per MWh", "capacity": 95, "capacity_units": "MW", "capacity_factor": 0.142, "other1": "a", "other1_def": "capacity_factor_methodology", "other2": 0.0, "other2_def": "biomass_emissions", "other3": 0.0, "other3_def": "biomass_capacity", "other4": 0.0, "other4_def": "biomass_generation", "other5": 0.0, "other5_def": 0.0, "other6": 0.0, "other6_def": 0.0, "other7": 0.0, "other7_def": 0.0, "other8": 0.0, "other8_def": 0.0, "other9": 0.0, "other9_def": 0.0, "other10": 0.0, "other10_def": 0.0, "created_date": "2023-10-31 00:00:00", "modified_date": "2023-11-01 10:00:00"}}, {"type": "Feature", "geometry": {"type": "Point", "coordinates": [37.0509, -1.0606]}, "properties": {"source_id": 25454650, "source_name": "Thika Power Plant", "source_type": "oil, other_fossil", "iso3_country": "KEN", "sector": "power", "subsector": "electricity-generation", "start_time": "2022-01-01 00:00:00", "end_time": "2022-12-31 00:00:00", "geometry_ref": "trace_37.0509_-1.0606", "gas": "co2e_100yr", "emissions_quantity": 108000.0, "temporal_granularity": "annual", "activity": 118000, "activity_units": "MWh", "emissions_factor": 0.0, "emissions_factor_units": 0, "capacity": 95, "capacity_units": "MW", "capacity_factor": 0.142, "other1": "a", "other1_def": "capacity_factor_methodology", "other2": 0.0, "other2_def": "biomass_emissions", "other3": 0.0, "other3_def": "biomass_capacity", "other4": 0.0, "other4_def": "biomass_generation", "other5": 0.0, "other5_def": 0.0, "other6": 0.0, "other6_def": 0.0, "other7": 0.0, "other7_def": 0.0, "other8": 0.0, "other8_def": 0.0, "other9": 0.0, "other9_def": 0.0, "other10": 0.0, "other10_def": 0.0, "created_date": "2023-10-31 00:00:00", "modified_date": "2023-11-01 10:00:00"}}, {"type": "Feature", "geometry": {"type": "Point", "coordinates": [37.0509, -1.0606]}, "properties": {"source_id": 25454650, "source_name": "Thika Power Plant", "source_type": "oil, other_fossil", "iso3_country": "KEN", "sector": "power", "subsector": "electricity-generation", "start_time": "2022-01-01 00:00:00", "end_time": "2022-12-31 00:00:00", "geometry_ref": "trace_37.0509_-1.0606", "gas": "co2e_20yr", "emissions_quantity": 108000.0, "temporal_granularity": "annual", "activity": 118000, "activity_units": "MWh", "emissions_factor": 0.0, "emissions_factor_units": 0, "capacity": 95, "capacity_units": "MW", "capacity_factor": 0.142, "other1": "a", "other1_def": "capacity_factor_methodology", "other2": 0.0, "other2_def": "biomass_emissions", "other3": 0.0, "other3_def": "biomass_capacity", "other4": 0.0, "other4_def": "biomass_generation", "other5": 0.0, "other5_def": 0.0, "other6": 0.0, "other6_def": 0.0, "other7": 0.0, "other7_def": 0.0, "other8": 0.0, "other8_def": 0.0, "other9": 0.0, "other9_def": 0.0, "other10": 0.0, "other10_def": 0.0, "created_date": "2023-10-31 00:00:00", "modified_date": "2023-11-01 10:00:00"}}, {"type": "Feature", "geometry": {"type": "Point", "coordinates": [37.0509, -1.0606]}, "properties": {"source_id": 25454650, "source_name": "Thika Power Plant", "source_type": "oil, other_fossil", "iso3_country": "KEN", "sector": "power", "subsector": "electricity-generation", "start_time": "2022-01-01 00:00:00", "end_time": "2022-12-31 00:00:00", "geometry_ref": "trace_37.0509_-1.0606", "gas": "n2o", "emissions_quantity": 0.0, "temporal_granularity": "annual", "activity": 118000, "activity_units": "MWh", "emissions_factor": 0.0, "emissions_factor_units": "field_not_modeled", "capacity": 95, "capacity_units": "MW", "capacity_factor": 0.142, "other1": "a", "other1_def": "capacity_factor_methodology", "other2": 0.0, "other2_def": "biomass_emissions", "other3": 0.0, "other3_def": "biomass_capacity", "other4": 0.0, "other4_def": "biomass_generation", "other5": 0.0, "other5_def": 0.0, "other6": 0.0, "other6_def": 0.0, "other7": 0.0, "other7_def": 0.0, "other8": 0.0, "other8_def": 0.0, "other9": 0.0, "other9_def": 0.0, "other10": 0.0, "other10_def": 0.0, "created_date": "2023-10-31 00:00:00", "modified_date": "2023-11-01 10:00:00"}}]}